This is pdfTeX, Version 3.141592653-2.6-1.40.27 (MiKTeX 25.4) (preloaded format=pdflatex 2025.12.4)  10 JUL 2026 15:01
entering extended mode
 restricted \write18 enabled.
 %&-line parsing enabled.
**./Analyse.tex
(Analyse.tex
LaTeX2e <2025-11-01>
L3 programming layer <2025-11-06>
(C:\Users\estev\AppData\Local\Programs\MiKTeX\tex/latex/base\book.cls
Document Class: book 2025/01/22 v1.4n Standard LaTeX document class
(C:\Users\estev\AppData\Local\Programs\MiKTeX\tex/latex/base\bk10.clo
File: bk10.clo 2025/01/22 v1.4n Standard LaTeX file (size option)
)
\c@part=\count275
\c@chapter=\count276
\c@section=\count277
\c@subsection=\count278
\c@subsubsection=\count279
\c@paragraph=\count280
\c@subparagraph=\count281
\c@figure=\count282
\c@table=\count283
\abovecaptionskip=\skip49
\belowcaptionskip=\skip50
\bibindent=\dimen148
)
(usepackage.tex
(C:\Users\estev\AppData\Local\Programs\MiKTeX\tex/latex/graphics\graphicx.sty
Package: graphicx 2024/12/31 v1.2e Enhanced LaTeX Graphics (DPC,SPQR)

(C:\Users\estev\AppData\Local\Programs\MiKTeX\tex/latex/graphics\keyval.sty
Package: keyval 2022/05/29 v1.15 key=value parser (DPC)
\KV@toks@=\toks17
)
(C:\Users\estev\AppData\Local\Programs\MiKTeX\tex/latex/graphics\graphics.sty
Package: graphics 2024/08/06 v1.4g Standard LaTeX Graphics (DPC,SPQR)

(C:\Users\estev\AppData\Local\Programs\MiKTeX\tex/latex/graphics\trig.sty
Package: trig 2023/12/02 v1.11 sin cos tan (DPC)
)
(C:\Users\estev\AppData\Local\Programs\MiKTeX\tex/latex/graphics-cfg\graphics.c
fg
File: graphics.cfg 2016/06/04 v1.11 sample graphics configuration
)
Package graphics Info: Driver file: pdftex.def on input line 106.

(C:\Users\estev\AppData\Local\Programs\MiKTeX\tex/latex/graphics-def\pdftex.def
File: pdftex.def 2025/09/29 v1.2d Graphics/color driver for pdftex
))
\Gin@req@height=\dimen149
\Gin@req@width=\dimen150
)
(C:\Users\estev\AppData\Local\Programs\MiKTeX\tex/latex/amsfonts\amsfonts.sty
Package: amsfonts 2013/01/14 v3.01 Basic AMSFonts support
\@emptytoks=\toks18
\symAMSa=\mathgroup4
\symAMSb=\mathgroup5
LaTeX Font Info:    Redeclaring math symbol \hbar on input line 98.
LaTeX Font Info:    Overwriting math alphabet `\mathfrak' in version `bold'
(Font)                  U/euf/m/n --> U/euf/b/n on input line 106.
)
(C:\Users\estev\AppData\Local\Programs\MiKTeX\tex/latex/amsmath\amsmath.sty
Package: amsmath 2025/07/09 v2.17z AMS math features
\@mathmargin=\skip51

For additional information on amsmath, use the `?' option.
(C:\Users\estev\AppData\Local\Programs\MiKTeX\tex/latex/amsmath\amstext.sty
Package: amstext 2024/11/17 v2.01 AMS text

(C:\Users\estev\AppData\Local\Programs\MiKTeX\tex/latex/amsmath\amsgen.sty
File: amsgen.sty 1999/11/30 v2.0 generic functions
\@emptytoks=\toks19
\ex@=\dimen151
))
(C:\Users\estev\AppData\Local\Programs\MiKTeX\tex/latex/amsmath\amsbsy.sty
Package: amsbsy 1999/11/29 v1.2d Bold Symbols
\pmbraise@=\dimen152
)
(C:\Users\estev\AppData\Local\Programs\MiKTeX\tex/latex/amsmath\amsopn.sty
Package: amsopn 2022/04/08 v2.04 operator names
)
\inf@bad=\count284
LaTeX Info: Redefining \frac on input line 233.
\uproot@=\count285
\leftroot@=\count286
LaTeX Info: Redefining \overline on input line 398.
LaTeX Info: Redefining \colon on input line 409.
\classnum@=\count287
\DOTSCASE@=\count288
LaTeX Info: Redefining \ldots on input line 495.
LaTeX Info: Redefining \dots on input line 498.
LaTeX Info: Redefining \cdots on input line 619.
\Mathstrutbox@=\box53
\strutbox@=\box54
LaTeX Info: Redefining \big on input line 721.
LaTeX Info: Redefining \Big on input line 722.
LaTeX Info: Redefining \bigg on input line 723.
LaTeX Info: Redefining \Bigg on input line 724.
\big@size=\dimen153
LaTeX Font Info:    Redeclaring font encoding OML on input line 742.
LaTeX Font Info:    Redeclaring font encoding OMS on input line 743.
\macc@depth=\count289
LaTeX Info: Redefining \bmod on input line 904.
LaTeX Info: Redefining \pmod on input line 909.
LaTeX Info: Redefining \smash on input line 939.
LaTeX Info: Redefining \relbar on input line 969.
LaTeX Info: Redefining \Relbar on input line 970.
\c@MaxMatrixCols=\count290
\dotsspace@=\muskip17
\c@parentequation=\count291
\dspbrk@lvl=\count292
\tag@help=\toks20
\row@=\count293
\column@=\count294
\maxfields@=\count295
\andhelp@=\toks21
\eqnshift@=\dimen154
\alignsep@=\dimen155
\tagshift@=\dimen156
\tagwidth@=\dimen157
\totwidth@=\dimen158
\lineht@=\dimen159
\@envbody=\toks22
\multlinegap=\skip52
\multlinetaggap=\skip53
\mathdisplay@stack=\toks23
LaTeX Info: Redefining \[ on input line 2950.
LaTeX Info: Redefining \] on input line 2951.
)
(C:\Users\estev\AppData\Local\Programs\MiKTeX\tex/latex/yhmath\yhmath.sty
Package: yhmath 2020/03/17 v1.6
\symyhlargesymbols=\mathgroup6
LaTeX Font Info:    Redeclaring math accent \widetilde on input line 29.
LaTeX Font Info:    Redeclaring math accent \widehat on input line 30.
LaTeX Font Info:    Redeclaring math symbol \braceld on input line 48.
LaTeX Font Info:    Redeclaring math symbol \bracerd on input line 49.
LaTeX Font Info:    Redeclaring math symbol \bracelu on input line 50.
LaTeX Font Info:    Redeclaring math symbol \braceru on input line 51.
LaTeX Font Info:    Redeclaring math delimiter \lmoustache on input line 53.
LaTeX Font Info:    Redeclaring math delimiter \rmoustache on input line 55.
LaTeX Font Info:    Redeclaring math delimiter \arrowvert on input line 57.
LaTeX Font Info:    Redeclaring math delimiter \Arrowvert on input line 59.
LaTeX Font Info:    Redeclaring math delimiter \Vert on input line 61.
LaTeX Font Info:    Redeclaring math delimiter \vert on input line 63.
LaTeX Font Info:    Redeclaring math delimiter \uparrow on input line 65.
LaTeX Font Info:    Redeclaring math delimiter \downarrow on input line 67.
LaTeX Font Info:    Redeclaring math delimiter \updownarrow on input line 69.
LaTeX Font Info:    Redeclaring math delimiter \Uparrow on input line 71.
LaTeX Font Info:    Redeclaring math delimiter \Downarrow on input line 73.
LaTeX Font Info:    Redeclaring math delimiter \Updownarrow on input line 75.
LaTeX Font Info:    Redeclaring math delimiter \backslash on input line 79.
LaTeX Font Info:    Redeclaring math delimiter \rangle on input line 81.
LaTeX Font Info:    Redeclaring math delimiter \langle on input line 83.
LaTeX Font Info:    Redeclaring math delimiter \rbrace on input line 85.
LaTeX Font Info:    Redeclaring math delimiter \lbrace on input line 87.
LaTeX Font Info:    Redeclaring math delimiter \rceil on input line 89.
LaTeX Font Info:    Redeclaring math delimiter \lceil on input line 91.
LaTeX Font Info:    Redeclaring math delimiter \rfloor on input line 93.
LaTeX Font Info:    Redeclaring math delimiter \lfloor on input line 95.
LaTeX Font Info:    Redeclaring math delimiter \lgroup on input line 97.
LaTeX Font Info:    Redeclaring math delimiter \rgroup on input line 99.
LaTeX Font Info:    Redeclaring math delimiter \bracevert on input line 101.
)
(C:\Users\estev\AppData\Local\Programs\MiKTeX\tex/latex/amsfonts\amssymb.sty
Package: amssymb 2013/01/14 v3.01 AMS font symbols
)
(C:\Users\estev\AppData\Local\Programs\MiKTeX\tex/latex/jknappen\mathrsfs.sty
Package: mathrsfs 1996/01/01 Math RSFS package v1.0 (jk)
\symrsfs=\mathgroup7
)
(C:\Users\estev\AppData\Local\Programs\MiKTeX\tex/latex/amsfonts\eucal.sty
Package: eucal 2009/06/22 v3.00 Euler Script fonts
LaTeX Font Info:    Overwriting math alphabet `\EuScript' in version `bold'
(Font)                  U/eus/m/n --> U/eus/b/n on input line 33.
)
(C:\Users\estev\AppData\Local\Programs\MiKTeX\tex/generic/mathdots\mathdots.sty
Package: mathdots 2014/06/11 v0.9 Improve and add various macros for dots in ma
th.
\MDo@unit=\dimen160
\MDo@dotsbox=\box55
\MDoprekern=\muskip18
\MDopostkern=\muskip19
\MDodotkern=\muskip20
) (C:\Users\estev\AppData\Local\Programs\MiKTeX\tex/latex/stmaryrd\stmaryrd.sty
Package: stmaryrd 1994/03/03 St Mary's Road symbol package
\symstmry=\mathgroup8
LaTeX Font Info:    Overwriting symbol font `stmry' in version `bold'
(Font)                  U/stmry/m/n --> U/stmry/b/n on input line 89.
) (C:\Users\estev\AppData\Local\Programs\MiKTeX\tex/latex/bbm\bbm.sty
Package: bbm 1999/03/15 V 1.2 provides fonts for set symbols - TH
LaTeX Font Info:    Overwriting math alphabet `\mathbbm' in version `bold'
(Font)                  U/bbm/m/n --> U/bbm/bx/n on input line 33.
LaTeX Font Info:    Overwriting math alphabet `\mathbbmss' in version `bold'
(Font)                  U/bbmss/m/n --> U/bbmss/bx/n on input line 35.
)
(C:\Users\estev\AppData\Local\Programs\MiKTeX\tex/latex/geometry\geometry.sty
Package: geometry 2020/01/02 v5.9 Page Geometry

(C:\Users\estev\AppData\Local\Programs\MiKTeX\tex/generic/iftex\ifvtex.sty
Package: ifvtex 2019/10/25 v1.7 ifvtex legacy package. Use iftex instead.

(C:\Users\estev\AppData\Local\Programs\MiKTeX\tex/generic/iftex\iftex.sty
Package: iftex 2024/12/12 v1.0g TeX engine tests
))
\Gm@cnth=\count296
\Gm@cntv=\count297
\c@Gm@tempcnt=\count298
\Gm@bindingoffset=\dimen161
\Gm@wd@mp=\dimen162
\Gm@odd@mp=\dimen163
\Gm@even@mp=\dimen164
\Gm@layoutwidth=\dimen165
\Gm@layoutheight=\dimen166
\Gm@layouthoffset=\dimen167
\Gm@layoutvoffset=\dimen168
\Gm@dimlist=\toks24

(C:\Users\estev\AppData\Local\Programs\MiKTeX\tex/latex/geometry\geometry.cfg))
(C:\Users\estev\AppData\Local\Programs\MiKTeX\tex/latex/fancyhdr\fancyhdr.sty
Package: fancyhdr 2025/02/07 v5.2 Extensive control of page headers and footers

\f@nch@headwidth=\skip54
\f@nch@offset@elh=\skip55
\f@nch@offset@erh=\skip56
\f@nch@offset@olh=\skip57
\f@nch@offset@orh=\skip58
\f@nch@offset@elf=\skip59
\f@nch@offset@erf=\skip60
\f@nch@offset@olf=\skip61
\f@nch@offset@orf=\skip62
\f@nch@height=\skip63
\f@nch@footalignment=\skip64
\f@nch@widthL=\skip65
\f@nch@widthC=\skip66
\f@nch@widthR=\skip67
\@temptokenb=\toks25
)
(C:\Users\estev\AppData\Local\Programs\MiKTeX\tex/latex/multido\multido.sty
Package: multido 2004/05/17 package wrapper for PSTricks `multido.tex', (HV/RN)


(C:\Users\estev\AppData\Local\Programs\MiKTeX\tex/generic/multido\multido.tex
 v1.42, 2010/05/14 <tvz>
\multido@count=\count299
\multidocount=\count300
\multido@stuff=\toks26
)
File: multido.tex 2010/05/14 v1.42 `multido' (tvz,hv)
)
(C:\Users\estev\AppData\Local\Programs\MiKTeX\tex/generic/babel\babel.sty
Package: babel 2025/11/09 v25.15 The multilingual framework for LuaLaTeX, pdfLa
TeX and XeLaTeX
\babel@savecnt=\count301
LaTeX Encoding Info:    Redeclaring text command \ij (encoding OT1) on input li
ne 2050.
LaTeX Encoding Info:    Redeclaring text command \IJ (encoding OT1) on input li
ne 2052.
LaTeX Encoding Info:    Redeclaring text command \ij (encoding T1) on input lin
e 2054.
LaTeX Encoding Info:    Redeclaring text command \IJ (encoding T1) on input lin
e 2055.
LaTeX Encoding Info:    Ignoring declaration for text command \ij (encoding ?) 
on input line 2056.
LaTeX Encoding Info:    Ignoring declaration for text command \IJ (encoding ?) 
on input line 2058.
LaTeX Encoding Info:    Ignoring declaration for text command \SS (encoding ?) 
on input line 2083.
\U@D=\dimen169
\l@unhyphenated=\language79

(C:\Users\estev\AppData\Local\Programs\MiKTeX\tex/generic/babel\txtbabel.def)
\bbl@readstream=\read2
\bbl@dirlevel=\count302
Package babel Info: Configuration files are deprecated, as
(babel)             they can break document portability.
(babel)             Reported on input line 4175.

*************************************
* Local config file bblopts.cfg used
*
(C:\Users\estev\AppData\Local\Programs\MiKTeX\tex/latex/arabi\bblopts.cfg
File: bblopts.cfg 2005/09/08 v0.1 add Arabic and Farsi to "declared" options of
 babel
)
(C:\Users\estev\AppData\Local\Programs\MiKTeX\tex/generic/babel/locale/fr\babel
-french.tex)
Package babel Info: Importing font and identification data for french
(babel)             from babel-fr.ini. Reported on input line 4298.

(C:\Users\estev\AppData\Local\Programs\MiKTeX\tex/generic/babel-french\french.l
df
Language: french 2025-08-15 v4.0e French support from the babel system

(C:\Users\estev\AppData\Local\Programs\MiKTeX\tex/generic/babel-french\french3.
ldf
Language: french 2025-08-15 v3.7e French support from the babel system
\FB@stdchar=\count303
Package babel Info: Making : an active character on input line 273.
Package babel Info: Making ; an active character on input line 274.
Package babel Info: Making ! an active character on input line 275.
Package babel Info: Making ? an active character on input line 276.
\FBguill@level=\count304
\FBold@everypar=\toks27
\FB@Mht=\dimen170
\mc@charclass=\count305
\mc@charfam=\count306
\mc@charslot=\count307
\std@mcc=\count308
\dec@mcc=\count309
\FB@pardim=\dimen171
\listindentFB=\dimen172
\descindentFB=\dimen173
\labelindentFB=\dimen174
\labelwidthFB=\dimen175
\leftmarginFB=\dimen176
\parindentFFN=\dimen177
\FBfnindent=\dimen178
)))
(C:\Users\estev\AppData\Local\Programs\MiKTeX\tex/latex/carlisle\scalefnt.sty)
(C:\Users\estev\AppData\Local\Programs\MiKTeX\tex/latex/enumitem\enumitem.sty
Package: enumitem 2025/02/06 v3.11 Customized lists
\labelindent=\skip68
\enit@outerparindent=\dimen179
\enit@toks=\toks28
\enit@inbox=\box56
\enit@count@id=\count310
\enitdp@description=\count311
)
(C:\Users\estev\AppData\Local\Programs\MiKTeX\tex/latex/hyperref\hyperref.sty
Package: hyperref 2025-07-12 v7.01o Hypertext links for LaTeX

(C:\Users\estev\AppData\Local\Programs\MiKTeX\tex/latex/kvsetkeys\kvsetkeys.sty
Package: kvsetkeys 2022-10-05 v1.19 Key value parser (HO)
)
(C:\Users\estev\AppData\Local\Programs\MiKTeX\tex/generic/kvdefinekeys\kvdefine
keys.sty
Package: kvdefinekeys 2019-12-19 v1.6 Define keys (HO)
)
(C:\Users\estev\AppData\Local\Programs\MiKTeX\tex/generic/pdfescape\pdfescape.s
ty
Package: pdfescape 2019/12/09 v1.15 Implements pdfTeX's escape features (HO)

(C:\Users\estev\AppData\Local\Programs\MiKTeX\tex/generic/ltxcmds\ltxcmds.sty
Package: ltxcmds 2023-12-04 v1.26 LaTeX kernel commands for general use (HO)
)
(C:\Users\estev\AppData\Local\Programs\MiKTeX\tex/generic/pdftexcmds\pdftexcmds
.sty
Package: pdftexcmds 2020-06-27 v0.33 Utility functions of pdfTeX for LuaTeX (HO
)

(C:\Users\estev\AppData\Local\Programs\MiKTeX\tex/generic/infwarerr\infwarerr.s
ty
Package: infwarerr 2019/12/03 v1.5 Providing info/warning/error messages (HO)
)
Package pdftexcmds Info: \pdf@primitive is available.
Package pdftexcmds Info: \pdf@ifprimitive is available.
Package pdftexcmds Info: \pdfdraftmode found.
))
(C:\Users\estev\AppData\Local\Programs\MiKTeX\tex/latex/hycolor\hycolor.sty
Package: hycolor 2020-01-27 v1.10 Color options for hyperref/bookmark (HO)
)
(C:\Users\estev\AppData\Local\Programs\MiKTeX\tex/latex/hyperref\nameref.sty
Package: nameref 2025-06-21 v2.57 Cross-referencing by name of section

(C:\Users\estev\AppData\Local\Programs\MiKTeX\tex/latex/refcount\refcount.sty
Package: refcount 2019/12/15 v3.6 Data extraction from label references (HO)
)
(C:\Users\estev\AppData\Local\Programs\MiKTeX\tex/generic/gettitlestring\gettit
lestring.sty
Package: gettitlestring 2019/12/15 v1.6 Cleanup title references (HO)

(C:\Users\estev\AppData\Local\Programs\MiKTeX\tex/latex/kvoptions\kvoptions.sty
Package: kvoptions 2022-06-15 v3.15 Key value format for package options (HO)
))
\c@section@level=\count312
)
(C:\Users\estev\AppData\Local\Programs\MiKTeX\tex/latex/etoolbox\etoolbox.sty
Package: etoolbox 2025/10/02 v2.5m e-TeX tools for LaTeX (JAW)
\etb@tempcnta=\count313
)
(C:\Users\estev\AppData\Local\Programs\MiKTeX\tex/generic/stringenc\stringenc.s
ty
Package: stringenc 2019/11/29 v1.12 Convert strings between diff. encodings (HO
)
)
\@linkdim=\dimen180
\Hy@linkcounter=\count314
\Hy@pagecounter=\count315
 (C:\Users\estev\AppData\Local\Programs\MiKTeX\tex/latex/hyperref\pd1enc.def
File: pd1enc.def 2025-07-12 v7.01o Hyperref: PDFDocEncoding definition (HO)
Now handling font encoding PD1 ...
... no UTF-8 mapping file for font encoding PD1
) (C:\Users\estev\AppData\Local\Programs\MiKTeX\tex/generic/intcalc\intcalc.sty
Package: intcalc 2019/12/15 v1.3 Expandable calculations with integers (HO)
)
\Hy@SavedSpaceFactor=\count316
 (C:\Users\estev\AppData\Local\Programs\MiKTeX\tex/latex/hyperref\puenc.def
File: puenc.def 2025-07-12 v7.01o Hyperref: PDF Unicode definition (HO)
Now handling font encoding PU ...
... no UTF-8 mapping file for font encoding PU
)
Package hyperref Info: Option `colorlinks' set `true' on input line 4066.
Package hyperref Info: Hyper figures OFF on input line 4195.
Package hyperref Info: Link nesting OFF on input line 4200.
Package hyperref Info: Hyper index ON on input line 4203.
Package hyperref Info: Plain pages OFF on input line 4210.
Package hyperref Info: Backreferencing OFF on input line 4215.
Package hyperref Info: Implicit mode ON; LaTeX internals redefined.
Package hyperref Info: Bookmarks ON on input line 4462.
\c@Hy@tempcnt=\count317

(C:\Users\estev\AppData\Local\Programs\MiKTeX\tex/latex/url\url.sty
\Urlmuskip=\muskip21
Package: url 2013/09/16  ver 3.4  Verb mode for urls, etc.
)
LaTeX Info: Redefining \url on input line 4801.
\XeTeXLinkMargin=\dimen181

(C:\Users\estev\AppData\Local\Programs\MiKTeX\tex/generic/bitset\bitset.sty
Package: bitset 2019/12/09 v1.3 Handle bit-vector datatype (HO)

(C:\Users\estev\AppData\Local\Programs\MiKTeX\tex/generic/bigintcalc\bigintcalc
.sty
Package: bigintcalc 2019/12/15 v1.5 Expandable calculations on big integers (HO
)
))
\Fld@menulength=\count318
\Field@Width=\dimen182
\Fld@charsize=\dimen183
Package hyperref Info: Hyper figures OFF on input line 6078.
Package hyperref Info: Link nesting OFF on input line 6083.
Package hyperref Info: Hyper index ON on input line 6086.
Package hyperref Info: backreferencing OFF on input line 6093.
Package hyperref Info: Link coloring ON on input line 6096.
Package hyperref Info: Link coloring with OCG OFF on input line 6103.
Package hyperref Info: PDF/A mode OFF on input line 6108.
\Hy@abspage=\count319
\c@Item=\count320
\c@Hfootnote=\count321
)
Package hyperref Info: Driver (autodetected): hpdftex.

(C:\Users\estev\AppData\Local\Programs\MiKTeX\tex/latex/hyperref\hpdftex.def
File: hpdftex.def 2025-07-12 v7.01o Hyperref driver for pdfTeX
\Fld@listcount=\count322
\c@bookmark@seq@number=\count323

(C:\Users\estev\AppData\Local\Programs\MiKTeX\tex/latex/rerunfilecheck\rerunfil
echeck.sty
Package: rerunfilecheck 2025-06-21 v1.11 Rerun checks for auxiliary files (HO)

(C:\Users\estev\AppData\Local\Programs\MiKTeX\tex/generic/uniquecounter\uniquec
ounter.sty
Package: uniquecounter 2019/12/15 v1.4 Provide unlimited unique counter (HO)
)
Package uniquecounter Info: New unique counter `rerunfilecheck' on input line 2
84.
)
\Hy@SectionHShift=\skip69
)
(C:\Users\estev\AppData\Local\Programs\MiKTeX\tex/latex/base\fontenc.sty
Package: fontenc 2025/07/18 v2.1d Standard LaTeX package
)
(C:\Users\estev\AppData\Local\Programs\MiKTeX\tex/latex/base\exscale.sty
Package: exscale 2025/06/05 v2.1i Standard LaTeX package exscale
LaTeX Font Info:    Redeclaring symbol font `largesymbols' on input line 57.
LaTeX Font Info:    Overwriting symbol font `largesymbols' in version `normal'
(Font)                  OMX/cmex/m/n --> OMX/cmex/m/n on input line 57.
LaTeX Font Info:    Overwriting symbol font `largesymbols' in version `bold'
(Font)                  OMX/cmex/m/n --> OMX/cmex/m/n on input line 57.
\big@size=\dimen184
)
(C:\Users\estev\AppData\Local\Programs\MiKTeX\tex/latex/lastpage\lastpage.sty
Package: lastpage 2025/08/14 v2.1h lastpage: 2.09 or 2e? (HMM)

(C:\Users\estev\AppData\Local\Programs\MiKTeX\tex/latex/lastpage\lastpage2e.sty
Package: lastpage2e 2025/08/14 v2.1h Decide which 2e lastpage version to use (H
MM)

(C:\Users\estev\AppData\Local\Programs\MiKTeX\tex/latex/lastpage\lastpagemodern
.sty
Package: lastpagemodern 2025-08-14 v2.1h Refers to last page's name (HMM; JPG)
\c@lastpagecount=\count324
) 
))
(C:\Users\estev\AppData\Local\Programs\MiKTeX\tex/latex/pgf/frontendlayer\tikz.
sty
(C:\Users\estev\AppData\Local\Programs\MiKTeX\tex/latex/pgf/basiclayer\pgf.sty
(C:\Users\estev\AppData\Local\Programs\MiKTeX\tex/latex/pgf/utilities\pgfrcs.st
y
(C:\Users\estev\AppData\Local\Programs\MiKTeX\tex/generic/pgf/utilities\pgfutil
-common.tex
\pgfutil@everybye=\toks29
\pgfutil@tempdima=\dimen185
\pgfutil@tempdimb=\dimen186
)
(C:\Users\estev\AppData\Local\Programs\MiKTeX\tex/generic/pgf/utilities\pgfutil
-latex.def
\pgfutil@abb=\box57
)
(C:\Users\estev\AppData\Local\Programs\MiKTeX\tex/generic/pgf/utilities\pgfrcs.
code.tex
(C:\Users\estev\AppData\Local\Programs\MiKTeX\tex/generic/pgf\pgf.revision.tex)
Package: pgfrcs 2025-08-29 v3.1.11a (3.1.11a)
))
Package: pgf 2025-08-29 v3.1.11a (3.1.11a)

(C:\Users\estev\AppData\Local\Programs\MiKTeX\tex/latex/pgf/basiclayer\pgfcore.
sty
(C:\Users\estev\AppData\Local\Programs\MiKTeX\tex/latex/pgf/systemlayer\pgfsys.
sty
(C:\Users\estev\AppData\Local\Programs\MiKTeX\tex/generic/pgf/systemlayer\pgfsy
s.code.tex
Package: pgfsys 2025-08-29 v3.1.11a (3.1.11a)

(C:\Users\estev\AppData\Local\Programs\MiKTeX\tex/generic/pgf/utilities\pgfkeys
.code.tex
\pgfkeys@pathtoks=\toks30
\pgfkeys@temptoks=\toks31

(C:\Users\estev\AppData\Local\Programs\MiKTeX\tex/generic/pgf/utilities\pgfkeys
libraryfiltered.code.tex
\pgfkeys@tmptoks=\toks32
))
\pgf@x=\dimen187
\pgf@y=\dimen188
\pgf@xa=\dimen189
\pgf@ya=\dimen190
\pgf@xb=\dimen191
\pgf@yb=\dimen192
\pgf@xc=\dimen193
\pgf@yc=\dimen194
\pgf@xd=\dimen195
\pgf@yd=\dimen196
\w@pgf@writea=\write3
\r@pgf@reada=\read3
\c@pgf@counta=\count325
\c@pgf@countb=\count326
\c@pgf@countc=\count327
\c@pgf@countd=\count328
\t@pgf@toka=\toks33
\t@pgf@tokb=\toks34
\t@pgf@tokc=\toks35
\pgf@sys@id@count=\count329

(C:\Users\estev\AppData\Local\Programs\MiKTeX\tex/generic/pgf/systemlayer\pgf.c
fg
File: pgf.cfg 2025-08-29 v3.1.11a (3.1.11a)
)
Driver file for pgf: pgfsys-pdftex.def

(C:\Users\estev\AppData\Local\Programs\MiKTeX\tex/generic/pgf/systemlayer\pgfsy
s-pdftex.def
File: pgfsys-pdftex.def 2025-08-29 v3.1.11a (3.1.11a)

(C:\Users\estev\AppData\Local\Programs\MiKTeX\tex/generic/pgf/systemlayer\pgfsy
s-common-pdf.def
File: pgfsys-common-pdf.def 2025-08-29 v3.1.11a (3.1.11a)
)))
(C:\Users\estev\AppData\Local\Programs\MiKTeX\tex/generic/pgf/systemlayer\pgfsy
ssoftpath.code.tex
File: pgfsyssoftpath.code.tex 2025-08-29 v3.1.11a (3.1.11a)
\pgfsyssoftpath@smallbuffer@items=\count330
\pgfsyssoftpath@bigbuffer@items=\count331
)
(C:\Users\estev\AppData\Local\Programs\MiKTeX\tex/generic/pgf/systemlayer\pgfsy
sprotocol.code.tex
File: pgfsysprotocol.code.tex 2025-08-29 v3.1.11a (3.1.11a)
))
(C:\Users\estev\AppData\Local\Programs\MiKTeX\tex/latex/xcolor\xcolor.sty
Package: xcolor 2024/09/29 v3.02 LaTeX color extensions (UK)

(C:\Users\estev\AppData\Local\Programs\MiKTeX\tex/latex/graphics-cfg\color.cfg
File: color.cfg 2016/01/02 v1.6 sample color configuration
)
Package xcolor Info: Driver file: pdftex.def on input line 274.
(C:\Users\estev\AppData\Local\Programs\MiKTeX\tex/latex/graphics\mathcolor.ltx)
Package xcolor Info: Model `cmy' substituted by `cmy0' on input line 1349.
Package xcolor Info: Model `hsb' substituted by `rgb' on input line 1353.
Package xcolor Info: Model `RGB' extended on input line 1365.
Package xcolor Info: Model `HTML' substituted by `rgb' on input line 1367.
Package xcolor Info: Model `Hsb' substituted by `hsb' on input line 1368.
Package xcolor Info: Model `tHsb' substituted by `hsb' on input line 1369.
Package xcolor Info: Model `HSB' substituted by `hsb' on input line 1370.
Package xcolor Info: Model `Gray' substituted by `gray' on input line 1371.
Package xcolor Info: Model `wave' substituted by `hsb' on input line 1372.
)
(C:\Users\estev\AppData\Local\Programs\MiKTeX\tex/generic/pgf/basiclayer\pgfcor
e.code.tex
Package: pgfcore 2025-08-29 v3.1.11a (3.1.11a)

(C:\Users\estev\AppData\Local\Programs\MiKTeX\tex/generic/pgf/math\pgfmath.code
.tex
(C:\Users\estev\AppData\Local\Programs\MiKTeX\tex/generic/pgf/math\pgfmathutil.
code.tex)
(C:\Users\estev\AppData\Local\Programs\MiKTeX\tex/generic/pgf/math\pgfmathparse
r.code.tex
\pgfmath@dimen=\dimen197
\pgfmath@count=\count332
\pgfmath@box=\box58
\pgfmath@toks=\toks36
\pgfmath@stack@operand=\toks37
\pgfmath@stack@operation=\toks38
)
(C:\Users\estev\AppData\Local\Programs\MiKTeX\tex/generic/pgf/math\pgfmathfunct
ions.code.tex)
(C:\Users\estev\AppData\Local\Programs\MiKTeX\tex/generic/pgf/math\pgfmathfunct
ions.basic.code.tex)
(C:\Users\estev\AppData\Local\Programs\MiKTeX\tex/generic/pgf/math\pgfmathfunct
ions.trigonometric.code.tex)
(C:\Users\estev\AppData\Local\Programs\MiKTeX\tex/generic/pgf/math\pgfmathfunct
ions.random.code.tex)
(C:\Users\estev\AppData\Local\Programs\MiKTeX\tex/generic/pgf/math\pgfmathfunct
ions.comparison.code.tex)
(C:\Users\estev\AppData\Local\Programs\MiKTeX\tex/generic/pgf/math\pgfmathfunct
ions.base.code.tex)
(C:\Users\estev\AppData\Local\Programs\MiKTeX\tex/generic/pgf/math\pgfmathfunct
ions.round.code.tex)
(C:\Users\estev\AppData\Local\Programs\MiKTeX\tex/generic/pgf/math\pgfmathfunct
ions.misc.code.tex)
(C:\Users\estev\AppData\Local\Programs\MiKTeX\tex/generic/pgf/math\pgfmathfunct
ions.integerarithmetics.code.tex)
(C:\Users\estev\AppData\Local\Programs\MiKTeX\tex/generic/pgf/math\pgfmathcalc.
code.tex)
(C:\Users\estev\AppData\Local\Programs\MiKTeX\tex/generic/pgf/math\pgfmathfloat
.code.tex
\c@pgfmathroundto@lastzeros=\count333
))
(C:\Users\estev\AppData\Local\Programs\MiKTeX\tex/generic/pgf/math\pgfint.code.
tex)
(C:\Users\estev\AppData\Local\Programs\MiKTeX\tex/generic/pgf/basiclayer\pgfcor
epoints.code.tex
File: pgfcorepoints.code.tex 2025-08-29 v3.1.11a (3.1.11a)
\pgf@picminx=\dimen198
\pgf@picmaxx=\dimen199
\pgf@picminy=\dimen256
\pgf@picmaxy=\dimen257
\pgf@pathminx=\dimen258
\pgf@pathmaxx=\dimen259
\pgf@pathminy=\dimen260
\pgf@pathmaxy=\dimen261
\pgf@xx=\dimen262
\pgf@xy=\dimen263
\pgf@yx=\dimen264
\pgf@yy=\dimen265
\pgf@zx=\dimen266
\pgf@zy=\dimen267
)
(C:\Users\estev\AppData\Local\Programs\MiKTeX\tex/generic/pgf/basiclayer\pgfcor
epathconstruct.code.tex
File: pgfcorepathconstruct.code.tex 2025-08-29 v3.1.11a (3.1.11a)
\pgf@path@lastx=\dimen268
\pgf@path@lasty=\dimen269
)
(C:\Users\estev\AppData\Local\Programs\MiKTeX\tex/generic/pgf/basiclayer\pgfcor
epathusage.code.tex
File: pgfcorepathusage.code.tex 2025-08-29 v3.1.11a (3.1.11a)
\pgf@shorten@end@additional=\dimen270
\pgf@shorten@start@additional=\dimen271
)
(C:\Users\estev\AppData\Local\Programs\MiKTeX\tex/generic/pgf/basiclayer\pgfcor
escopes.code.tex
File: pgfcorescopes.code.tex 2025-08-29 v3.1.11a (3.1.11a)
\pgfpic=\box59
\pgf@hbox=\box60
\pgf@layerbox@main=\box61
\pgf@picture@serial@count=\count334
)
(C:\Users\estev\AppData\Local\Programs\MiKTeX\tex/generic/pgf/basiclayer\pgfcor
egraphicstate.code.tex
File: pgfcoregraphicstate.code.tex 2025-08-29 v3.1.11a (3.1.11a)
\pgflinewidth=\dimen272
)
(C:\Users\estev\AppData\Local\Programs\MiKTeX\tex/generic/pgf/basiclayer\pgfcor
etransformations.code.tex
File: pgfcoretransformations.code.tex 2025-08-29 v3.1.11a (3.1.11a)
\pgf@pt@x=\dimen273
\pgf@pt@y=\dimen274
\pgf@pt@temp=\dimen275
)
(C:\Users\estev\AppData\Local\Programs\MiKTeX\tex/generic/pgf/basiclayer\pgfcor
equick.code.tex
File: pgfcorequick.code.tex 2025-08-29 v3.1.11a (3.1.11a)
)
(C:\Users\estev\AppData\Local\Programs\MiKTeX\tex/generic/pgf/basiclayer\pgfcor
eobjects.code.tex
File: pgfcoreobjects.code.tex 2025-08-29 v3.1.11a (3.1.11a)
)
(C:\Users\estev\AppData\Local\Programs\MiKTeX\tex/generic/pgf/basiclayer\pgfcor
epathprocessing.code.tex
File: pgfcorepathprocessing.code.tex 2025-08-29 v3.1.11a (3.1.11a)
)
(C:\Users\estev\AppData\Local\Programs\MiKTeX\tex/generic/pgf/basiclayer\pgfcor
earrows.code.tex
File: pgfcorearrows.code.tex 2025-08-29 v3.1.11a (3.1.11a)
\pgfarrowsep=\dimen276
)
(C:\Users\estev\AppData\Local\Programs\MiKTeX\tex/generic/pgf/basiclayer\pgfcor
eshade.code.tex
File: pgfcoreshade.code.tex 2025-08-29 v3.1.11a (3.1.11a)
\pgf@max=\dimen277
\pgf@sys@shading@range@num=\count335
\pgf@shadingcount=\count336
)
(C:\Users\estev\AppData\Local\Programs\MiKTeX\tex/generic/pgf/basiclayer\pgfcor
eimage.code.tex
File: pgfcoreimage.code.tex 2025-08-29 v3.1.11a (3.1.11a)
)
(C:\Users\estev\AppData\Local\Programs\MiKTeX\tex/generic/pgf/basiclayer\pgfcor
eexternal.code.tex
File: pgfcoreexternal.code.tex 2025-08-29 v3.1.11a (3.1.11a)
\pgfexternal@startupbox=\box62
)
(C:\Users\estev\AppData\Local\Programs\MiKTeX\tex/generic/pgf/basiclayer\pgfcor
elayers.code.tex
File: pgfcorelayers.code.tex 2025-08-29 v3.1.11a (3.1.11a)
)
(C:\Users\estev\AppData\Local\Programs\MiKTeX\tex/generic/pgf/basiclayer\pgfcor
etransparency.code.tex
File: pgfcoretransparency.code.tex 2025-08-29 v3.1.11a (3.1.11a)
)
(C:\Users\estev\AppData\Local\Programs\MiKTeX\tex/generic/pgf/basiclayer\pgfcor
epatterns.code.tex
File: pgfcorepatterns.code.tex 2025-08-29 v3.1.11a (3.1.11a)
)
(C:\Users\estev\AppData\Local\Programs\MiKTeX\tex/generic/pgf/basiclayer\pgfcor
erdf.code.tex
File: pgfcorerdf.code.tex 2025-08-29 v3.1.11a (3.1.11a)
)))
(C:\Users\estev\AppData\Local\Programs\MiKTeX\tex/generic/pgf/modules\pgfmodule
shapes.code.tex
File: pgfmoduleshapes.code.tex 2025-08-29 v3.1.11a (3.1.11a)
\pgfnodeparttextbox=\box63
)
(C:\Users\estev\AppData\Local\Programs\MiKTeX\tex/generic/pgf/modules\pgfmodule
plot.code.tex
File: pgfmoduleplot.code.tex 2025-08-29 v3.1.11a (3.1.11a)
)
(C:\Users\estev\AppData\Local\Programs\MiKTeX\tex/latex/pgf/compatibility\pgfco
mp-version-0-65.sty
Package: pgfcomp-version-0-65 2025-08-29 v3.1.11a (3.1.11a)
\pgf@nodesepstart=\dimen278
\pgf@nodesepend=\dimen279
)
(C:\Users\estev\AppData\Local\Programs\MiKTeX\tex/latex/pgf/compatibility\pgfco
mp-version-1-18.sty
Package: pgfcomp-version-1-18 2025-08-29 v3.1.11a (3.1.11a)
))
(C:\Users\estev\AppData\Local\Programs\MiKTeX\tex/latex/pgf/utilities\pgffor.st
y
(C:\Users\estev\AppData\Local\Programs\MiKTeX\tex/latex/pgf/utilities\pgfkeys.s
ty
(C:\Users\estev\AppData\Local\Programs\MiKTeX\tex/generic/pgf/utilities\pgfkeys
.code.tex))
(C:\Users\estev\AppData\Local\Programs\MiKTeX\tex/latex/pgf/math\pgfmath.sty
(C:\Users\estev\AppData\Local\Programs\MiKTeX\tex/generic/pgf/math\pgfmath.code
.tex))
(C:\Users\estev\AppData\Local\Programs\MiKTeX\tex/generic/pgf/utilities\pgffor.
code.tex
Package: pgffor 2025-08-29 v3.1.11a (3.1.11a)
\pgffor@iter=\dimen280
\pgffor@skip=\dimen281
\pgffor@stack=\toks39
\pgffor@toks=\toks40
))
(C:\Users\estev\AppData\Local\Programs\MiKTeX\tex/generic/pgf/frontendlayer/tik
z\tikz.code.tex
Package: tikz 2025-08-29 v3.1.11a (3.1.11a)

(C:\Users\estev\AppData\Local\Programs\MiKTeX\tex/generic/pgf/libraries\pgflibr
aryplothandlers.code.tex
File: pgflibraryplothandlers.code.tex 2025-08-29 v3.1.11a (3.1.11a)
\pgf@plot@mark@count=\count337
\pgfplotmarksize=\dimen282
)
\tikz@lastx=\dimen283
\tikz@lasty=\dimen284
\tikz@lastxsaved=\dimen285
\tikz@lastysaved=\dimen286
\tikz@lastmovetox=\dimen287
\tikz@lastmovetoy=\dimen288
\tikzleveldistance=\dimen289
\tikzsiblingdistance=\dimen290
\tikz@figbox=\box64
\tikz@figbox@bg=\box65
\tikz@tempbox=\box66
\tikz@tempbox@bg=\box67
\tikztreelevel=\count338
\tikznumberofchildren=\count339
\tikznumberofcurrentchild=\count340
\tikz@fig@count=\count341

(C:\Users\estev\AppData\Local\Programs\MiKTeX\tex/generic/pgf/modules\pgfmodule
matrix.code.tex
File: pgfmodulematrix.code.tex 2025-08-29 v3.1.11a (3.1.11a)
\pgfmatrixcurrentrow=\count342
\pgfmatrixcurrentcolumn=\count343
\pgf@matrix@numberofcolumns=\count344
)
\tikz@expandcount=\count345

(C:\Users\estev\AppData\Local\Programs\MiKTeX\tex/generic/pgf/frontendlayer/tik
z/libraries\tikzlibrarytopaths.code.tex
File: tikzlibrarytopaths.code.tex 2025-08-29 v3.1.11a (3.1.11a)
)))
(C:\Users\estev\AppData\Local\Programs\MiKTeX\tex/latex/tkz-tab\tkz-tab.sty
Package: tkz-tab 2020/04/29 v2.12c variations (ctan version)

(C:\Users\estev\AppData\Local\Programs\MiKTeX\tex/latex/base\ifthen.sty
Package: ifthen 2024/03/16 v1.1e Standard LaTeX ifthen package (DPC)
)
(C:\Users\estev\AppData\Local\Programs\MiKTeX\tex/latex/xkeyval\xkeyval.sty
Package: xkeyval 2022/06/16 v2.9 package option processing (HA)

(C:\Users\estev\AppData\Local\Programs\MiKTeX\tex/generic/xkeyval\xkeyval.tex
(C:\Users\estev\AppData\Local\Programs\MiKTeX\tex/generic/xkeyval\xkvutils.tex
\XKV@toks=\toks41
\XKV@tempa@toks=\toks42
)
\XKV@depth=\count346
File: xkeyval.tex 2014/12/03 v2.7a key=value parser (HA)
))
(C:\Users\estev\AppData\Local\Programs\MiKTeX\tex/generic/pgf/frontendlayer/tik
z/libraries\tikzlibraryarrows.code.tex
File: tikzlibraryarrows.code.tex 2025-08-29 v3.1.11a (3.1.11a)

(C:\Users\estev\AppData\Local\Programs\MiKTeX\tex/generic/pgf/libraries\pgflibr
aryarrows.code.tex
File: pgflibraryarrows.code.tex 2025-08-29 v3.1.11a (3.1.11a)
\arrowsize=\dimen291
))
(C:\Users\estev\AppData\Local\Programs\MiKTeX\tex/generic/pgf/frontendlayer/tik
z/libraries\tikzlibrarypatterns.code.tex
File: tikzlibrarypatterns.code.tex 2025-08-29 v3.1.11a (3.1.11a)

(C:\Users\estev\AppData\Local\Programs\MiKTeX\tex/generic/pgf/libraries\pgflibr
arypatterns.code.tex
File: pgflibrarypatterns.code.tex 2025-08-29 v3.1.11a (3.1.11a)
))
\tkz@XF=\dimen292
\tkz@YF=\dimen293
\c@tkz@cnt@line=\count347
\c@tkz@cnt@lg=\count348
\c@tkz@cnt@cl=\count349
\c@tkz@cnt@pred=\count350
\c@tkz@cnt@temp=\count351
\c@tkz@cnt@arrow=\count352
\c@tkz@cnt@zone=\count353
\c@tkz@cnt@lgnext=\count354
\c@tkz@cnt@clnext=\count355
\c@tkz@cnt@pair=\count356
\c@tkz@cnt@impair=\count357
\c@tkz@cnt@aw=\count358
)
(C:\Users\estev\AppData\Local\Programs\MiKTeX\tex/latex/titlesec\titlesec.sty
Package: titlesec 2025/01/04 v2.17 Sectioning titles
\ttl@box=\box68
\beforetitleunit=\skip70
\aftertitleunit=\skip71
\ttl@plus=\dimen294
\ttl@minus=\dimen295
\ttl@toksa=\toks43
\titlewidth=\dimen296
\titlewidthlast=\dimen297
\titlewidthfirst=\dimen298
)
(C:\Users\estev\AppData\Local\Programs\MiKTeX\tex/latex/changepage\changepage.s
ty
Package: changepage 2009/10/20 v1.0c check page and change page layout
\c@cp@cntr=\count359
\cp@tempcnt=\count360
) (C:\Users\estev\AppData\Local\Programs\MiKTeX\tex/latex/base\inputenc.sty
Package: inputenc 2024/02/08 v1.3d Input encoding file
\inpenc@prehook=\toks44
\inpenc@posthook=\toks45
)
(C:\Users\estev\AppData\Local\Programs\MiKTeX\tex/latex/eso-pic\eso-pic.sty
Package: eso-pic 2023/05/03 v3.0c eso-pic (RN)
\ESO@tempdima=\dimen299
\ESO@tempdimb=\dimen300
)
(C:\Users\estev\AppData\Local\Programs\MiKTeX\tex/latex/graphics\dvipsnam.def
File: dvipsnam.def 2016/06/17 v3.0m Driver-dependent file (DPC,SPQR)
)
(C:\Users\estev\AppData\Local\Programs\MiKTeX\tex/latex/tools\multicol.sty
Package: multicol 2025/10/21 v2.0b multicolumn formatting (FMi)
\c@tracingmulticols=\count361
\mult@box=\box69
\multicol@leftmargin=\dimen301
\c@unbalance=\count362
\c@collectmore=\count363
\doublecol@number=\count364
\multicoltolerance=\count365
\multicolpretolerance=\count366
\full@width=\dimen302
\page@free=\dimen303
\premulticols=\dimen304
\postmulticols=\dimen305
\multicolsep=\skip72
\multicolbaselineskip=\skip73
\partial@page=\box70
\last@line=\box71
\mc@boxedresult=\box72
\maxbalancingoverflow=\dimen306
\mult@rightbox=\box73
\mult@grightbox=\box74
\mult@firstbox=\box75
\mult@gfirstbox=\box76
\@tempa=\box77
\@tempa=\box78
\@tempa=\box79
\@tempa=\box80
\@tempa=\box81
\@tempa=\box82
\@tempa=\box83
\@tempa=\box84
\@tempa=\box85
\@tempa=\box86
\@tempa=\box87
\@tempa=\box88
\@tempa=\box89
\@tempa=\box90
\@tempa=\box91
\@tempa=\box92
\@tempa=\box93
\@tempa=\box94
\@tempa=\box95
\@tempa=\box96
\@tempa=\box97
\@tempa=\box98
\@tempa=\box99
\@tempa=\box100
\@tempa=\box101
\@tempa=\box102
\@tempa=\box103
\@tempa=\box104
\@tempa=\box105
\@tempa=\box106
\@tempa=\box107
\@tempa=\box108
\@tempa=\box109
\@tempa=\box110
\@tempa=\box111
\@tempa=\box112
\c@minrows=\count367
\c@columnbadness=\count368
\c@finalcolumnbadness=\count369
\last@try=\dimen307
\multicolovershoot=\dimen308
\multicolundershoot=\dimen309
\mult@nat@firstbox=\box113
\colbreak@box=\box114
\mc@col@check@num=\count370
\g__mc_curr_col_int=\count371
)
(C:\Users\estev\AppData\Local\Programs\MiKTeX\tex/latex/listings\listings.sty
\lst@mode=\count372
\lst@gtempboxa=\box115
\lst@token=\toks46
\lst@length=\count373
\lst@currlwidth=\dimen310
\lst@column=\count374
\lst@pos=\count375
\lst@lostspace=\dimen311
\lst@width=\dimen312
\lst@newlines=\count376
\lst@lineno=\count377
\lst@maxwidth=\dimen313

(C:\Users\estev\AppData\Local\Programs\MiKTeX\tex/latex/listings\lstpatch.sty
File: lstpatch.sty 2025/11/14 1.11b (Carsten Heinz)
)
(C:\Users\estev\AppData\Local\Programs\MiKTeX\tex/latex/listings\lstmisc.sty
File: lstmisc.sty 2025/11/14 1.11b (Carsten Heinz)
\c@lstnumber=\count378
\lst@skipnumbers=\count379
\lst@framebox=\box116
)
(C:\Users\estev\AppData\Local\Programs\MiKTeX\tex/latex/listings\listings.cfg
File: listings.cfg 2025/11/14 1.11b listings configuration
))
Package: listings 2025/11/14 1.11b (Carsten Heinz)
==> First Aid for listings.sty no longer applied!
    Expected:
        2024/09/23 1.10c (Carsten Heinz)
    but found:
        2025/11/14 1.11b (Carsten Heinz)
    so I'm assuming it got fixed.
(C:\Users\estev\AppData\Local\Programs\MiKTeX\tex/latex/listings\lstlang1.sty
File: lstlang1.sty 2025/11/14 1.11b listings language file
)) (C:\Users\estev\AppData\Local\Programs\MiKTeX\tex/latex/fncychap\fncychap.st
y
Package: fncychap 2007/07/30 v1.34 LaTeX package (Revised chapters)
\RW=\skip74
\mylen=\skip75
\myhi=\skip76
\px=\skip77
\py=\skip78
\pyy=\skip79
\pxx=\skip80
) (fonction.tex
(C:\Users\estev\AppData\Local\Programs\MiKTeX\tex/generic/pgf/frontendlayer/tik
z/libraries\tikzlibraryshapes.geometric.code.tex
File: tikzlibraryshapes.geometric.code.tex 2025-08-29 v3.1.11a (3.1.11a)

(C:\Users\estev\AppData\Local\Programs\MiKTeX\tex/generic/pgf/libraries/shapes\
pgflibraryshapes.geometric.code.tex
File: pgflibraryshapes.geometric.code.tex 2025-08-29 v3.1.11a (3.1.11a)
)))
Package french3.ldf Info: Setting StandardItemizeEnv=true for
(french3.ldf)             compatibility with enumitem package,
(french3.ldf)             reported on input line 26.
Package french3.ldf Info: Setting StandardEnumerateEnv=true for
(french3.ldf)             compatibility with enumitem package,
(french3.ldf)             reported on input line 26.

(C:\Users\estev\AppData\Local\Programs\MiKTeX\tex/latex/l3backend\l3backend-pdf
tex.def
File: l3backend-pdftex.def 2025-10-09 L3 backend support: PDF output (pdfTeX)
\l__color_backend_stack_int=\count380
) (Analyse.aux
Package babel Info: 'french' activates 'french' shorthands.
(babel)             Reported on input line 12.
)
\openout1 = `Analyse.aux'.

LaTeX Font Info:    Checking defaults for OML/cmm/m/it on input line 26.
LaTeX Font Info:    ... okay on input line 26.
LaTeX Font Info:    Checking defaults for OMS/cmsy/m/n on input line 26.
LaTeX Font Info:    ... okay on input line 26.
LaTeX Font Info:    Checking defaults for OT1/cmr/m/n on input line 26.
LaTeX Font Info:    ... okay on input line 26.
LaTeX Font Info:    Checking defaults for T1/cmr/m/n on input line 26.
LaTeX Font Info:    ... okay on input line 26.
LaTeX Font Info:    Checking defaults for TS1/cmr/m/n on input line 26.
LaTeX Font Info:    ... okay on input line 26.
LaTeX Font Info:    Checking defaults for OMX/cmex/m/n on input line 26.
LaTeX Font Info:    ... okay on input line 26.
LaTeX Font Info:    Checking defaults for U/cmr/m/n on input line 26.
LaTeX Font Info:    ... okay on input line 26.
LaTeX Font Info:    Checking defaults for PD1/pdf/m/n on input line 26.
LaTeX Font Info:    ... okay on input line 26.
LaTeX Font Info:    Checking defaults for PU/pdf/m/n on input line 26.
LaTeX Font Info:    ... okay on input line 26.

(C:\Users\estev\AppData\Local\Programs\MiKTeX\tex/context/base/mkii\supp-pdf.mk
ii
[Loading MPS to PDF converter (version 2006.09.02).]
\scratchcounter=\count381
\scratchdimen=\dimen314
\scratchbox=\box117
\nofMPsegments=\count382
\nofMParguments=\count383
\everyMPshowfont=\toks47
\MPscratchCnt=\count384
\MPscratchDim=\dimen315
\MPnumerator=\count385
\makeMPintoPDFobject=\count386
\everyMPtoPDFconversion=\toks48
)
(C:\Users\estev\AppData\Local\Programs\MiKTeX\tex/latex/epstopdf-pkg\epstopdf-b
ase.sty
Package: epstopdf-base 2020-01-24 v2.11 Base part for package epstopdf

(C:\Users\estev\AppData\Local\Programs\MiKTeX\tex/latex/grfext\grfext.sty
Package: grfext 2019/12/03 v1.3 Manage graphics extensions (HO)
)
Package epstopdf-base Info: Redefining graphics rule for `.eps' on input line 4
85.
Package grfext Info: Graphics extension search list:
(grfext)             [.pdf,.png,.jpg,.mps,.jpeg,.jbig2,.jb2,.PDF,.PNG,.JPG,.JPE
G,.JBIG2,.JB2,.eps]
(grfext)             \AppendGraphicsExtensions on input line 504.

(C:\Users\estev\AppData\Local\Programs\MiKTeX\tex/latex/00miktex\epstopdf-sys.c
fg
File: epstopdf-sys.cfg 2021/03/18 v2.0 Configuration of epstopdf for MiKTeX
))
*geometry* driver: auto-detecting
*geometry* detected driver: pdftex
*geometry* verbose mode - [ preamble ] result:
* driver: pdftex
* paper: custom
* layout: <same size as paper>
* layoutoffset:(h,v)=(0.0pt,0.0pt)
* modes: twoside 
* h-part:(L,W,R)=(42.67912pt, 512.14963pt, 42.67912pt)
* v-part:(T,H,B)=(71.13188pt, 702.78299pt, 71.13188pt)
* \paperwidth=597.50787pt
* \paperheight=845.04675pt
* \textwidth=512.14963pt
* \textheight=702.78299pt
* \oddsidemargin=-29.59087pt
* \evensidemargin=-29.59087pt
* \topmargin=-43.59085pt
* \headheight=14.0pt
* \headsep=28.45274pt
* \topskip=10.0pt
* \footskip=42.67912pt
* \marginparwidth=125.0pt
* \marginparsep=7.0pt
* \columnsep=10.0pt
* \skip\footins=9.0pt plus 4.0pt minus 2.0pt
* \hoffset=0.0pt
* \voffset=0.0pt
* \mag=1000
* \@twocolumnfalse
* \@twosidetrue
* \@mparswitchtrue
* \@reversemarginfalse
* (1in=72.27pt=25.4mm, 1cm=28.453pt)

LaTeX Info: Redefining \degres on input line 26.
Package hyperref Info: Link coloring ON on input line 26.
(Analyse.out) (Analyse.out)
\@outlinefile=\write4
\openout4 = `Analyse.out'.

\c@lstlisting=\count387
<Minerve-Meduse.jpg, id=1778, 963.6pt x 755.82375pt>
File: Minerve-Meduse.jpg Graphic file (type jpg)
<use Minerve-Meduse.jpg>
Package pdftex.def Info: Minerve-Meduse.jpg  used on input line 42.
(pdftex.def)             Requested size: 409.72125pt x 321.365pt.
<lycee_dumont_urville-1-copie.jpg, id=1779, 488.82625pt x 190.7125pt>
File: lycee_dumont_urville-1-copie.jpg Graphic file (type jpg)
<use lycee_dumont_urville-1-copie.jpg>
Package pdftex.def Info: lycee_dumont_urville-1-copie.jpg  used on input line 5
1.
(pdftex.def)             Requested size: 153.64644pt x 59.94379pt.
 [0

{C:/Users/estev/AppData/Local/MiKTeX/fonts/map/pdftex/pdftex.map} <./Minerve-Me
duse.jpg> <./lycee_dumont_urville-1-copie.jpg>]
pdfTeX warning (ext4): destination with the same identifier (name{page.0}) has 
been already used, duplicate ignored
<to be read again> 
                   \relax 
l.64 	\newpage
               [0]
Underfull \hbox (badness 10000) in paragraph at lines 70--71

 []


Underfull \hbox (badness 10000) in paragraph at lines 72--73

 []


Underfull \hbox (badness 10000) in paragraph at lines 74--75

 []


Underfull \hbox (badness 10000) in paragraph at lines 76--77

 []


Underfull \hbox (badness 10000) in paragraph at lines 78--79

 []


pdfTeX warning (ext4): destination with the same identifier (name{page.0}) has 
been already used, duplicate ignored
<to be read again> 
                   \relax 
l.82 	\newpage
               [0]
LaTeX Font Info:    External font `cmex7' loaded for size
(Font)              <7> on input line 84.
LaTeX Font Info:    External font `cmex7' loaded for size
(Font)              <5> on input line 84.
LaTeX Font Info:    Trying to load font information for U+msa on input line 84.


(C:\Users\estev\AppData\Local\Programs\MiKTeX\tex/latex/amsfonts\umsa.fd
File: umsa.fd 2013/01/14 v3.01 AMS symbols A
)
LaTeX Font Info:    Trying to load font information for U+msb on input line 84.


(C:\Users\estev\AppData\Local\Programs\MiKTeX\tex/latex/amsfonts\umsb.fd
File: umsb.fd 2013/01/14 v3.01 AMS symbols B
)
LaTeX Font Info:    Trying to load font information for OMX+yhex on input line 
84.

(C:\Users\estev\AppData\Local\Programs\MiKTeX\tex/latex/yhmath\omxyhex.fd
File: OMXyhex.fd 
File: OMXyhex.fd 2013/07/03 v1.1 YH's humble contribution to TeX maths (NP)
)
LaTeX Font Info:    Trying to load font information for U+rsfs on input line 84
.

(C:\Users\estev\AppData\Local\Programs\MiKTeX\tex/latex/jknappen\ursfs.fd
File: ursfs.fd 1998/03/24 rsfs font definition file (jk)
)
LaTeX Font Info:    Trying to load font information for U+stmry on input line 8
4.

(C:\Users\estev\AppData\Local\Programs\MiKTeX\tex/latex/stmaryrd\ustmry.fd)
Underfull \hbox (badness 10000) in paragraph at lines 84--86

 []

[1] [2

] (Analyse.toc [3]
LaTeX Font Info:    Trying to load font information for U+eus on input line 108
.

(C:\Users\estev\AppData\Local\Programs\MiKTeX\tex/latex/amsfonts\ueus.fd
File: ueus.fd 2013/01/14 v3.01 Euler Script
)
[4] [5] [6] [7] [8]
Overfull \hbox (2.98668pt too wide) in paragraph at lines 383--383
 [][] [][]\T1/cmr/m/n/10 VIII.51 Com-po-santes connexes par arcs du com-plé-men
-taire de la réunion de plu-sieurs hy-per-plans  [] 
 []

[9] [10])
\tf@toc=\write5
\openout5 = `Analyse.toc'.

 [11] [12

]
Chapitre I.
LaTeX Font Info:    Trying to load font information for OT1+pzc on input line 1
07.
(C:\Users\estev\AppData\Local\Programs\MiKTeX\tex/latex/psnfss\ot1pzc.fd
File: ot1pzc.fd 2020/03/25 font definitions for OT1/pzc.
)
LaTeX Font Info:    Font shape `OT1/pzc/m/n' in size <76> not available
(Font)              Font shape `OT1/pzc/m/it' tried instead on input line 107.

Overfull \hbox (10.0pt too wide) in paragraph at lines 107--107
[][][][][][][][][]  
 []


Package hyperref Warning: Token not allowed in a PDF string (Unicode):
(hyperref)                removing `\ccinp' on input line 108.


Package hyperref Warning: Token not allowed in a PDF string (Unicode):
(hyperref)                removing `\etoile' on input line 117.

Package babel Info: 'french' activates 'french' shorthands.
(babel)             Reported on input line 136.
[13{C:/Users/estev/AppData/Local/Programs/MiKTeX/fonts/enc/dvips/base/8r.enc}]

Package hyperref Warning: Token not allowed in a PDF string (Unicode):
(hyperref)                removing `\ccinp' on input line 140.


Underfull \hbox (badness 10000) in paragraph at lines 141--145

 []


Package hyperref Warning: Token not allowed in a PDF string (Unicode):
(hyperref)                removing `\telecom' on input line 155.


Package hyperref Warning: Token not allowed in a PDF string (Unicode):
(hyperref)                removing `\telecom' on input line 163.


Package hyperref Warning: Token not allowed in a PDF string (Unicode):
(hyperref)                removing `\etoile' on input line 171.


Package hyperref Warning: Token not allowed in a PDF string (Unicode):
(hyperref)                removing `\etoile' on input line 179.


Package hyperref Warning: Token not allowed in a PDF string (Unicode):
(hyperref)                removing `\centraleponts' on input line 185.

[14]

Package hyperref Warning: Token not allowed in a PDF string (Unicode):
(hyperref)                removing `\telecom' on input line 193.


Package hyperref Warning: Token not allowed in a PDF string (Unicode):
(hyperref)                removing `\ccinp' on input line 203.


Package hyperref Warning: Token not allowed in a PDF string (Unicode):
(hyperref)                removing `\ccinp' on input line 214.


Package hyperref Warning: Token not allowed in a PDF string (Unicode):
(hyperref)                removing `\ccinp' on input line 226.

[15]

Package hyperref Warning: Token not allowed in a PDF string (Unicode):
(hyperref)                removing `\telecom' on input line 238.


Package hyperref Warning: Token not allowed in a PDF string (Unicode):
(hyperref)                removing `\centraleponts' on input line 247.

[16]

Package hyperref Warning: Token not allowed in a PDF string (Unicode):
(hyperref)                removing `\centraleponts' on input line 287.


Package hyperref Warning: Token not allowed in a PDF string (Unicode):
(hyperref)                removing `\centraleponts' on input line 292.


Underfull \hbox (badness 10000) in paragraph at lines 305--311

 []


Package hyperref Warning: Token not allowed in a PDF string (Unicode):
(hyperref)                removing `\etoile' on input line 312.


Package hyperref Warning: Token not allowed in a PDF string (Unicode):
(hyperref)                removing `\etoile' on input line 321.

[17]

Package hyperref Warning: Token not allowed in a PDF string (Unicode):
(hyperref)                removing `\etoile' on input line 333.


Package hyperref Warning: Token not allowed in a PDF string (Unicode):
(hyperref)                removing `\etoile' on input line 348.


Package hyperref Warning: Token not allowed in a PDF string (Unicode):
(hyperref)                removing `\etoile' on input line 353.


Package hyperref Warning: Token not allowed in a PDF string (Unicode):
(hyperref)                removing `\telecom' on input line 360.


Package hyperref Warning: Token not allowed in a PDF string (Unicode):
(hyperref)                removing `\centraleponts' on input line 365.

[18]

Package hyperref Warning: Token not allowed in a PDF string (Unicode):
(hyperref)                removing `\ccinp' on input line 375.


Package hyperref Warning: Token not allowed in a PDF string (Unicode):
(hyperref)                removing `\telecom' on input line 380.


Package hyperref Warning: Token not allowed in a PDF string (Unicode):
(hyperref)                removing `\centraleponts' on input line 386.


Package hyperref Warning: Token not allowed in a PDF string (Unicode):
(hyperref)                removing `\xens' on input line 391.


Package hyperref Warning: Token not allowed in a PDF string (Unicode):
(hyperref)                removing `\xens' on input line 397.


Package hyperref Warning: Token not allowed in a PDF string (Unicode):
(hyperref)                removing `\xens' on input line 403.


Package hyperref Warning: Token not allowed in a PDF string (Unicode):
(hyperref)                removing `\xens' on input line 410.

[19]

Package hyperref Warning: Token not allowed in a PDF string (Unicode):
(hyperref)                removing `\ccinp' on input line 415.


Package hyperref Warning: Token not allowed in a PDF string (Unicode):
(hyperref)                removing `math shift' on input line 421.


Package hyperref Warning: Token not allowed in a PDF string (Unicode):
(hyperref)                removing `\@@underline' on input line 421.


Package hyperref Warning: Token not allowed in a PDF string (Unicode):
(hyperref)                removing `\hbox' on input line 421.


Package hyperref Warning: Token not allowed in a PDF string (Unicode):
(hyperref)                removing `\mathsurround' on input line 421.


Package hyperref Warning: Token not allowed in a PDF string (Unicode):
(hyperref)                removing `\z@' on input line 421.


Package hyperref Warning: Token not allowed in a PDF string (Unicode):
(hyperref)                removing `math shift' on input line 421.


Package hyperref Warning: Token not allowed in a PDF string (Unicode):
(hyperref)                removing `\ccinp' on input line 421.


Package hyperref Warning: Token not allowed in a PDF string (Unicode):
(hyperref)                removing `math shift' on input line 427.


Package hyperref Warning: Token not allowed in a PDF string (Unicode):
(hyperref)                removing `\@@underline' on input line 427.


Package hyperref Warning: Token not allowed in a PDF string (Unicode):
(hyperref)                removing `\hbox' on input line 427.


Package hyperref Warning: Token not allowed in a PDF string (Unicode):
(hyperref)                removing `\mathsurround' on input line 427.


Package hyperref Warning: Token not allowed in a PDF string (Unicode):
(hyperref)                removing `\z@' on input line 427.


Package hyperref Warning: Token not allowed in a PDF string (Unicode):
(hyperref)                removing `math shift' on input line 427.


Package hyperref Warning: Token not allowed in a PDF string (Unicode):
(hyperref)                removing `\ccinp' on input line 427.


Package hyperref Warning: Token not allowed in a PDF string (Unicode):
(hyperref)                removing `\ccinp' on input line 432.


Package hyperref Warning: Token not allowed in a PDF string (Unicode):
(hyperref)                removing `\ccinp' on input line 447.

[20]

Package hyperref Warning: Token not allowed in a PDF string (Unicode):
(hyperref)                removing `\ccinp' on input line 458.


Package hyperref Warning: Token not allowed in a PDF string (Unicode):
(hyperref)                removing `math shift' on input line 469.


Package hyperref Warning: Token not allowed in a PDF string (Unicode):
(hyperref)                removing `\leavevmode@ifvmode' on input line 469.


Package hyperref Warning: Token not allowed in a PDF string (Unicode):
(hyperref)                \kern 2.77626pt
(hyperref)                removed on input line 469.


Package hyperref Warning: Token not allowed in a PDF string (Unicode):
(hyperref)                removing `\mathrel' on input line 469.


Package hyperref Warning: Token not allowed in a PDF string (Unicode):
(hyperref)                removing `\std@equal' on input line 469.


Package hyperref Warning: Token not allowed in a PDF string (Unicode):
(hyperref)                removing `\mathrel' on input line 469.


Package hyperref Warning: Token not allowed in a PDF string (Unicode):
(hyperref)                removing `\mkern' on input line 469.


Package hyperref Warning: Token not allowed in a PDF string (Unicode):
(hyperref)                removing `\Rightarrow' on input line 469.


Package hyperref Warning: Token not allowed in a PDF string (Unicode):
(hyperref)                removing `\leavevmode@ifvmode' on input line 469.


Package hyperref Warning: Token not allowed in a PDF string (Unicode):
(hyperref)                \kern 2.77626pt
(hyperref)                removed on input line 469.


Package hyperref Warning: Token not allowed in a PDF string (Unicode):
(hyperref)                removing `math shift' on input line 469.


Package hyperref Warning: Token not allowed in a PDF string (Unicode):
(hyperref)                removing `\centraleponts' on input line 469.


Package hyperref Warning: Token not allowed in a PDF string (Unicode):
(hyperref)                removing `math shift' on input line 475.


Package hyperref Warning: Token not allowed in a PDF string (Unicode):
(hyperref)                removing `\@@underline' on input line 475.


Package hyperref Warning: Token not allowed in a PDF string (Unicode):
(hyperref)                removing `\hbox' on input line 475.


Package hyperref Warning: Token not allowed in a PDF string (Unicode):
(hyperref)                removing `\mathsurround' on input line 475.


Package hyperref Warning: Token not allowed in a PDF string (Unicode):
(hyperref)                removing `\z@' on input line 475.


Package hyperref Warning: Token not allowed in a PDF string (Unicode):
(hyperref)                removing `math shift' on input line 475.


Package hyperref Warning: Token not allowed in a PDF string (Unicode):
(hyperref)                removing `\centraleponts' on input line 475.


Package hyperref Warning: Token not allowed in a PDF string (Unicode):
(hyperref)                removing `\centraleponts' on input line 488.


Package hyperref Warning: Token not allowed in a PDF string (Unicode):
(hyperref)                removing `\etoile' on input line 498.

[21]

Package hyperref Warning: Token not allowed in a PDF string (Unicode):
(hyperref)                removing `\xens' on input line 504.


Package hyperref Warning: Token not allowed in a PDF string (Unicode):
(hyperref)                removing `\ccinp' on input line 509.


Package hyperref Warning: Token not allowed in a PDF string (Unicode):
(hyperref)                removing `\centraleponts' on input line 514.

[22]

Package hyperref Warning: Token not allowed in a PDF string (Unicode):
(hyperref)                removing `\xens' on input line 550.


Package hyperref Warning: Token not allowed in a PDF string (Unicode):
(hyperref)                removing `\xens' on input line 560.


Package hyperref Warning: Token not allowed in a PDF string (Unicode):
(hyperref)                removing `\ccinp' on input line 566.


Package hyperref Warning: Token not allowed in a PDF string (Unicode):
(hyperref)                removing `\centraleponts' on input line 572.


Underfull \hbox (badness 10000) in paragraph at lines 574--578

 []

[23] [24]
Chapitre II.

Overfull \hbox (10.0pt too wide) in paragraph at lines 579--579
[][][][][][][][][]  
 []


Package hyperref Warning: Token not allowed in a PDF string (Unicode):
(hyperref)                removing `\etoile' on input line 580.


Package hyperref Warning: Token not allowed in a PDF string (Unicode):
(hyperref)                removing `\ccinp' on input line 592.


Package hyperref Warning: Token not allowed in a PDF string (Unicode):
(hyperref)                removing `\ccinp' on input line 602.

[25

]

Package hyperref Warning: Token not allowed in a PDF string (Unicode):
(hyperref)                removing `\centraleponts' on input line 640.

[26]

Package hyperref Warning: Token not allowed in a PDF string (Unicode):
(hyperref)                removing `\telecom' on input line 678.


Package hyperref Warning: Token not allowed in a PDF string (Unicode):
(hyperref)                removing `\ccinp' on input line 684.


Package hyperref Warning: Token not allowed in a PDF string (Unicode):
(hyperref)                removing `\centraleponts' on input line 695.

[27]

Package hyperref Warning: Token not allowed in a PDF string (Unicode):
(hyperref)                removing `\telecom' on input line 742.


Package hyperref Warning: Token not allowed in a PDF string (Unicode):
(hyperref)                removing `\ccinp' on input line 747.

[28]

Package hyperref Warning: Token not allowed in a PDF string (Unicode):
(hyperref)                removing `\centraleponts' on input line 757.


Package hyperref Warning: Token not allowed in a PDF string (Unicode):
(hyperref)                removing `\xens' on input line 762.


Underfull \hbox (badness 10000) in paragraph at lines 763--766

 []


Package hyperref Warning: Token not allowed in a PDF string (Unicode):
(hyperref)                removing `math shift' on input line 773.


Package hyperref Warning: Token not allowed in a PDF string (Unicode):
(hyperref)                removing `\<def>-command' on input line 773.


Package hyperref Warning: Token not allowed in a PDF string (Unicode):
(hyperref)                removing `\@tempa' on input line 773.


Package hyperref Warning: Token not allowed in a PDF string (Unicode):
(hyperref)                removing `\<def>-command' on input line 773.


Package hyperref Warning: Token not allowed in a PDF string (Unicode):
(hyperref)                removing `\@tempb' on input line 773.


Package hyperref Warning: Token not allowed in a PDF string (Unicode):
(hyperref)                removing `superscript' on input line 773.


Package hyperref Warning: Token not allowed in a PDF string (Unicode):
(hyperref)                removing `math shift' on input line 773.

[29]

Package hyperref Warning: Token not allowed in a PDF string (Unicode):
(hyperref)                removing `math shift' on input line 805.


Package hyperref Warning: Token not allowed in a PDF string (Unicode):
(hyperref)                removing `superscript' on input line 805.


Package hyperref Warning: Token not allowed in a PDF string (Unicode):
(hyperref)                removing `math shift' on input line 805.


Package hyperref Warning: Token not allowed in a PDF string (Unicode):
(hyperref)                removing `\xens' on input line 826.


Package hyperref Warning: Token not allowed in a PDF string (Unicode):
(hyperref)                removing `\centraleponts' on input line 832.

[30]

Package hyperref Warning: Token not allowed in a PDF string (Unicode):
(hyperref)                removing `\centraleponts' on input line 841.


Package hyperref Warning: Token not allowed in a PDF string (Unicode):
(hyperref)                removing `\etoile' on input line 858.


Package hyperref Warning: Token not allowed in a PDF string (Unicode):
(hyperref)                removing `\telecom' on input line 864.


Package hyperref Warning: Token not allowed in a PDF string (Unicode):
(hyperref)                removing `\etoile' on input line 870.


Package hyperref Warning: Token not allowed in a PDF string (Unicode):
(hyperref)                removing `\etoile' on input line 876.

[31]

Package hyperref Warning: Token not allowed in a PDF string (Unicode):
(hyperref)                removing `\etoile' on input line 897.


Package hyperref Warning: Token not allowed in a PDF string (Unicode):
(hyperref)                removing `\centraleponts' on input line 905.


Package hyperref Warning: Token not allowed in a PDF string (Unicode):
(hyperref)                removing `math shift' on input line 911.


Package hyperref Warning: Token not allowed in a PDF string (Unicode):
(hyperref)                removing `superscript' on input line 911.


Package hyperref Warning: Token not allowed in a PDF string (Unicode):
(hyperref)                removing `math shift' on input line 911.


Package hyperref Warning: Token not allowed in a PDF string (Unicode):
(hyperref)                removing `\ccinp' on input line 911.


Package hyperref Warning: Token not allowed in a PDF string (Unicode):
(hyperref)                removing `\etoile' on input line 918.


Package hyperref Warning: Token not allowed in a PDF string (Unicode):
(hyperref)                removing `\etoile' on input line 928.

[32] [33]

Package hyperref Warning: Token not allowed in a PDF string (Unicode):
(hyperref)                removing `\etoile' on input line 1019.

[34]

Package hyperref Warning: Token not allowed in a PDF string (Unicode):
(hyperref)                removing `\ccinp' on input line 1031.

LaTeX Font Info:    External font `cmex7' loaded for size
(Font)              <6> on input line 1044.
[35]

Package hyperref Warning: Token not allowed in a PDF string (Unicode):
(hyperref)                removing `\ccinp' on input line 1098.

[36]

Package hyperref Warning: Token not allowed in a PDF string (Unicode):
(hyperref)                removing `\ccinp' on input line 1133.


Package hyperref Warning: Token not allowed in a PDF string (Unicode):
(hyperref)                removing `\etoile' on input line 1139.


Package hyperref Warning: Token not allowed in a PDF string (Unicode):
(hyperref)                removing `\centraleponts' on input line 1148.


Package hyperref Warning: Token not allowed in a PDF string (Unicode):
(hyperref)                removing `\etoile' on input line 1160.

[37] [38

]
Chapitre III.

Overfull \hbox (10.0pt too wide) in paragraph at lines 1171--1171
[][][][][][][][][]  
 []


Package hyperref Warning: Token not allowed in a PDF string (Unicode):
(hyperref)                removing `\ccinp' on input line 1172.


Package hyperref Warning: Token not allowed in a PDF string (Unicode):
(hyperref)                removing `\etoile' on input line 1178.


Package hyperref Warning: Token not allowed in a PDF string (Unicode):
(hyperref)                removing `\etoile' on input line 1184.


Package hyperref Warning: Token not allowed in a PDF string (Unicode):
(hyperref)                removing `\ccinp' on input line 1201.


Package hyperref Warning: Token not allowed in a PDF string (Unicode):
(hyperref)                removing `\centraleponts' on input line 1211.

[39]

Package hyperref Warning: Token not allowed in a PDF string (Unicode):
(hyperref)                removing `\telecom' on input line 1220.


Package hyperref Warning: Token not allowed in a PDF string (Unicode):
(hyperref)                removing `\etoile' on input line 1238.


Package hyperref Warning: Token not allowed in a PDF string (Unicode):
(hyperref)                removing `math shift' on input line 1243.


Package hyperref Warning: Token not allowed in a PDF string (Unicode):
(hyperref)                removing `\circ' on input line 1243.


Package hyperref Warning: Token not allowed in a PDF string (Unicode):
(hyperref)                removing `\new@ifnextchar' on input line 1243.


Package hyperref Warning: Token not allowed in a PDF string (Unicode):
(hyperref)                removing `subscript' on input line 1243.


Package hyperref Warning: Token not allowed in a PDF string (Unicode):
(hyperref)                removing `subscript' on input line 1243.


Package hyperref Warning: Token not allowed in a PDF string (Unicode):
(hyperref)                removing `math shift' on input line 1243.


Package hyperref Warning: Token not allowed in a PDF string (Unicode):
(hyperref)                removing `\etoile' on input line 1243.


Package hyperref Warning: Token not allowed in a PDF string (Unicode):
(hyperref)                removing `math shift' on input line 1248.


Package hyperref Warning: Token not allowed in a PDF string (Unicode):
(hyperref)                removing `math shift' on input line 1248.


Package hyperref Warning: Token not allowed in a PDF string (Unicode):
(hyperref)                removing `\etoile' on input line 1248.


Package hyperref Warning: Token not allowed in a PDF string (Unicode):
(hyperref)                removing `\etoile' on input line 1254.


Package hyperref Warning: Token not allowed in a PDF string (Unicode):
(hyperref)                removing `\etoile' on input line 1260.

[40]

Package hyperref Warning: Token not allowed in a PDF string (Unicode):
(hyperref)                removing `math shift' on input line 1270.


Package hyperref Warning: Token not allowed in a PDF string (Unicode):
(hyperref)                removing `\circ' on input line 1270.


Package hyperref Warning: Token not allowed in a PDF string (Unicode):
(hyperref)                removing `math shift' on input line 1270.


Package hyperref Warning: Token not allowed in a PDF string (Unicode):
(hyperref)                removing `\etoile' on input line 1270.


Package hyperref Warning: Token not allowed in a PDF string (Unicode):
(hyperref)                removing `math shift' on input line 1276.


Package hyperref Warning: Token not allowed in a PDF string (Unicode):
(hyperref)                removing `\circ' on input line 1276.


Package hyperref Warning: Token not allowed in a PDF string (Unicode):
(hyperref)                removing `math shift' on input line 1276.


Package hyperref Warning: Token not allowed in a PDF string (Unicode):
(hyperref)                removing `math shift' on input line 1276.


Package hyperref Warning: Token not allowed in a PDF string (Unicode):
(hyperref)                removing `\circ' on input line 1276.


Package hyperref Warning: Token not allowed in a PDF string (Unicode):
(hyperref)                removing `math shift' on input line 1276.


Package hyperref Warning: Token not allowed in a PDF string (Unicode):
(hyperref)                removing `\etoile' on input line 1276.


Package hyperref Warning: Token not allowed in a PDF string (Unicode):
(hyperref)                removing `\etoile' on input line 1286.


Package hyperref Warning: Token not allowed in a PDF string (Unicode):
(hyperref)                removing `\etoile' on input line 1296.


Package hyperref Warning: Token not allowed in a PDF string (Unicode):
(hyperref)                removing `\etoile' on input line 1309.

[41]

Package hyperref Warning: Token not allowed in a PDF string (Unicode):
(hyperref)                removing `\etoile' on input line 1326.


Package hyperref Warning: Token not allowed in a PDF string (Unicode):
(hyperref)                removing `\etoile' on input line 1344.


Package hyperref Warning: Token not allowed in a PDF string (Unicode):
(hyperref)                removing `math shift' on input line 1357.


Package hyperref Warning: Token not allowed in a PDF string (Unicode):
(hyperref)                removing `math shift' on input line 1357.


Package hyperref Warning: Token not allowed in a PDF string (Unicode):
(hyperref)                removing `\etoile' on input line 1357.


Package hyperref Warning: Token not allowed in a PDF string (Unicode):
(hyperref)                removing `\etoile' on input line 1368.


Package hyperref Warning: Token not allowed in a PDF string (Unicode):
(hyperref)                removing `math shift' on input line 1376.


Package hyperref Warning: Token not allowed in a PDF string (Unicode):
(hyperref)                removing `\leavevmode@ifvmode' on input line 1376.


Package hyperref Warning: Token not allowed in a PDF string (Unicode):
(hyperref)                \kern 2.77626pt
(hyperref)                removed on input line 1376.


Package hyperref Warning: Token not allowed in a PDF string (Unicode):
(hyperref)                removing `\mathrel' on input line 1376.


Package hyperref Warning: Token not allowed in a PDF string (Unicode):
(hyperref)                removing `\std@equal' on input line 1376.


Package hyperref Warning: Token not allowed in a PDF string (Unicode):
(hyperref)                removing `\mathrel' on input line 1376.


Package hyperref Warning: Token not allowed in a PDF string (Unicode):
(hyperref)                removing `\mkern' on input line 1376.


Package hyperref Warning: Token not allowed in a PDF string (Unicode):
(hyperref)                removing `\Rightarrow' on input line 1376.


Package hyperref Warning: Token not allowed in a PDF string (Unicode):
(hyperref)                removing `\leavevmode@ifvmode' on input line 1376.


Package hyperref Warning: Token not allowed in a PDF string (Unicode):
(hyperref)                \kern 2.77626pt
(hyperref)                removed on input line 1376.


Package hyperref Warning: Token not allowed in a PDF string (Unicode):
(hyperref)                removing `math shift' on input line 1376.


Package hyperref Warning: Token not allowed in a PDF string (Unicode):
(hyperref)                removing `\etoile' on input line 1376.

[42]

LaTeX Warning: Reference `ThÃ©orÃ¨me de Froda' on page 43 undefined on input li
ne 1384.


Package hyperref Warning: Token not allowed in a PDF string (Unicode):
(hyperref)                removing `\etoile' on input line 1387.


Package hyperref Warning: Token not allowed in a PDF string (Unicode):
(hyperref)                removing `\telecom' on input line 1401.


Package hyperref Warning: Token not allowed in a PDF string (Unicode):
(hyperref)                removing `\etoile' on input line 1410.


Underfull \hbox (badness 10000) in paragraph at lines 1411--1417

 []

[43]

Package hyperref Warning: Token not allowed in a PDF string (Unicode):
(hyperref)                removing `\etoile' on input line 1442.


Package hyperref Warning: Token not allowed in a PDF string (Unicode):
(hyperref)                removing `\etoile' on input line 1449.

[44]
Chapitre IV.

Overfull \hbox (10.0pt too wide) in paragraph at lines 1457--1457
[][][][][][][][][]  
 []


Package hyperref Warning: Token not allowed in a PDF string (Unicode):
(hyperref)                removing `\etoile' on input line 1458.


Package hyperref Warning: Token not allowed in a PDF string (Unicode):
(hyperref)                removing `math shift' on input line 1482.


Package hyperref Warning: Token not allowed in a PDF string (Unicode):
(hyperref)                removing `\@@underline' on input line 1482.


Package hyperref Warning: Token not allowed in a PDF string (Unicode):
(hyperref)                removing `\hbox' on input line 1482.


Package hyperref Warning: Token not allowed in a PDF string (Unicode):
(hyperref)                removing `\mathsurround' on input line 1482.


Package hyperref Warning: Token not allowed in a PDF string (Unicode):
(hyperref)                removing `\z@' on input line 1482.


Package hyperref Warning: Token not allowed in a PDF string (Unicode):
(hyperref)                removing `math shift' on input line 1482.


Package hyperref Warning: Token not allowed in a PDF string (Unicode):
(hyperref)                removing `\ccinp' on input line 1482.

[45

]

Package hyperref Warning: Token not allowed in a PDF string (Unicode):
(hyperref)                removing `math shift' on input line 1504.


Package hyperref Warning: Token not allowed in a PDF string (Unicode):
(hyperref)                removing `\@@underline' on input line 1504.


Package hyperref Warning: Token not allowed in a PDF string (Unicode):
(hyperref)                removing `\hbox' on input line 1504.


Package hyperref Warning: Token not allowed in a PDF string (Unicode):
(hyperref)                removing `\mathsurround' on input line 1504.


Package hyperref Warning: Token not allowed in a PDF string (Unicode):
(hyperref)                removing `\z@' on input line 1504.


Package hyperref Warning: Token not allowed in a PDF string (Unicode):
(hyperref)                removing `math shift' on input line 1504.


Package hyperref Warning: Token not allowed in a PDF string (Unicode):
(hyperref)                removing `\ccinp' on input line 1504.


Package hyperref Warning: Token not allowed in a PDF string (Unicode):
(hyperref)                removing `math shift' on input line 1514.


Package hyperref Warning: Token not allowed in a PDF string (Unicode):
(hyperref)                removing `\@@underline' on input line 1514.


Package hyperref Warning: Token not allowed in a PDF string (Unicode):
(hyperref)                removing `\hbox' on input line 1514.


Package hyperref Warning: Token not allowed in a PDF string (Unicode):
(hyperref)                removing `\mathsurround' on input line 1514.


Package hyperref Warning: Token not allowed in a PDF string (Unicode):
(hyperref)                removing `\z@' on input line 1514.


Package hyperref Warning: Token not allowed in a PDF string (Unicode):
(hyperref)                removing `math shift' on input line 1514.


Package hyperref Warning: Token not allowed in a PDF string (Unicode):
(hyperref)                removing `\ccinp' on input line 1514.

[46]

Package hyperref Warning: Token not allowed in a PDF string (Unicode):
(hyperref)                removing `math shift' on input line 1565.


Package hyperref Warning: Token not allowed in a PDF string (Unicode):
(hyperref)                removing `\@@underline' on input line 1565.


Package hyperref Warning: Token not allowed in a PDF string (Unicode):
(hyperref)                removing `\hbox' on input line 1565.


Package hyperref Warning: Token not allowed in a PDF string (Unicode):
(hyperref)                removing `\mathsurround' on input line 1565.


Package hyperref Warning: Token not allowed in a PDF string (Unicode):
(hyperref)                removing `\z@' on input line 1565.


Package hyperref Warning: Token not allowed in a PDF string (Unicode):
(hyperref)                removing `math shift' on input line 1565.


Package hyperref Warning: Token not allowed in a PDF string (Unicode):
(hyperref)                removing `\ccinp' on input line 1565.


Package hyperref Warning: Token not allowed in a PDF string (Unicode):
(hyperref)                removing `math shift' on input line 1584.


Package hyperref Warning: Token not allowed in a PDF string (Unicode):
(hyperref)                removing `\@@underline' on input line 1584.


Package hyperref Warning: Token not allowed in a PDF string (Unicode):
(hyperref)                removing `\hbox' on input line 1584.


Package hyperref Warning: Token not allowed in a PDF string (Unicode):
(hyperref)                removing `\mathsurround' on input line 1584.


Package hyperref Warning: Token not allowed in a PDF string (Unicode):
(hyperref)                removing `\z@' on input line 1584.


Package hyperref Warning: Token not allowed in a PDF string (Unicode):
(hyperref)                removing `math shift' on input line 1584.


Package hyperref Warning: Token not allowed in a PDF string (Unicode):
(hyperref)                removing `\centraleponts' on input line 1584.

[47]

Package hyperref Warning: Token not allowed in a PDF string (Unicode):
(hyperref)                removing `math shift' on input line 1598.


Package hyperref Warning: Token not allowed in a PDF string (Unicode):
(hyperref)                removing `\@@underline' on input line 1598.


Package hyperref Warning: Token not allowed in a PDF string (Unicode):
(hyperref)                removing `\hbox' on input line 1598.


Package hyperref Warning: Token not allowed in a PDF string (Unicode):
(hyperref)                removing `\mathsurround' on input line 1598.


Package hyperref Warning: Token not allowed in a PDF string (Unicode):
(hyperref)                removing `\z@' on input line 1598.


Package hyperref Warning: Token not allowed in a PDF string (Unicode):
(hyperref)                removing `math shift' on input line 1598.


Package hyperref Warning: Token not allowed in a PDF string (Unicode):
(hyperref)                removing `\ccinp' on input line 1598.


Package hyperref Warning: Token not allowed in a PDF string (Unicode):
(hyperref)                removing `math shift' on input line 1613.


Package hyperref Warning: Token not allowed in a PDF string (Unicode):
(hyperref)                removing `\@@underline' on input line 1613.


Package hyperref Warning: Token not allowed in a PDF string (Unicode):
(hyperref)                removing `\hbox' on input line 1613.


Package hyperref Warning: Token not allowed in a PDF string (Unicode):
(hyperref)                removing `\mathsurround' on input line 1613.


Package hyperref Warning: Token not allowed in a PDF string (Unicode):
(hyperref)                removing `\z@' on input line 1613.


Package hyperref Warning: Token not allowed in a PDF string (Unicode):
(hyperref)                removing `math shift' on input line 1613.


Package hyperref Warning: Token not allowed in a PDF string (Unicode):
(hyperref)                removing `\centraleponts' on input line 1613.


Package hyperref Warning: Token not allowed in a PDF string (Unicode):
(hyperref)                removing `math shift' on input line 1626.


Package hyperref Warning: Token not allowed in a PDF string (Unicode):
(hyperref)                removing `\@@underline' on input line 1626.


Package hyperref Warning: Token not allowed in a PDF string (Unicode):
(hyperref)                removing `\hbox' on input line 1626.


Package hyperref Warning: Token not allowed in a PDF string (Unicode):
(hyperref)                removing `\mathsurround' on input line 1626.


Package hyperref Warning: Token not allowed in a PDF string (Unicode):
(hyperref)                removing `\z@' on input line 1626.


Package hyperref Warning: Token not allowed in a PDF string (Unicode):
(hyperref)                removing `math shift' on input line 1626.


Package hyperref Warning: Token not allowed in a PDF string (Unicode):
(hyperref)                removing `\centraleponts' on input line 1626.

[48]

Package hyperref Warning: Token not allowed in a PDF string (Unicode):
(hyperref)                removing `math shift' on input line 1635.


Package hyperref Warning: Token not allowed in a PDF string (Unicode):
(hyperref)                removing `\@@underline' on input line 1635.


Package hyperref Warning: Token not allowed in a PDF string (Unicode):
(hyperref)                removing `\hbox' on input line 1635.


Package hyperref Warning: Token not allowed in a PDF string (Unicode):
(hyperref)                removing `\mathsurround' on input line 1635.


Package hyperref Warning: Token not allowed in a PDF string (Unicode):
(hyperref)                removing `\z@' on input line 1635.


Package hyperref Warning: Token not allowed in a PDF string (Unicode):
(hyperref)                removing `math shift' on input line 1635.


Package hyperref Warning: Token not allowed in a PDF string (Unicode):
(hyperref)                removing `\xens' on input line 1635.

[49]

Package hyperref Warning: Token not allowed in a PDF string (Unicode):
(hyperref)                removing `\telecom' on input line 1707.


Package hyperref Warning: Token not allowed in a PDF string (Unicode):
(hyperref)                removing `\telecom' on input line 1712.


Package hyperref Warning: Token not allowed in a PDF string (Unicode):
(hyperref)                removing `\etoile' on input line 1718.

[50]

Package hyperref Warning: Token not allowed in a PDF string (Unicode):
(hyperref)                removing `\centraleponts' on input line 1745.


Package hyperref Warning: Token not allowed in a PDF string (Unicode):
(hyperref)                removing `\ccinp' on input line 1761.


Package hyperref Warning: Token not allowed in a PDF string (Unicode):
(hyperref)                removing `\centraleponts' on input line 1766.


LaTeX Warning: Hyper reference `sec:les-fonctions-localement-polynomiales-sont-
polynomiales' on page 51 undefined on input line 1767.

[51]

Package hyperref Warning: Token not allowed in a PDF string (Unicode):
(hyperref)                removing `\telecom' on input line 1773.


Package hyperref Warning: Token not allowed in a PDF string (Unicode):
(hyperref)                removing `\centraleponts' on input line 1780.


Underfull \hbox (badness 10000) in paragraph at lines 1793--1794

 []


Package hyperref Warning: Token not allowed in a PDF string (Unicode):
(hyperref)                removing `\telecom' on input line 1798.


Package hyperref Warning: Token not allowed in a PDF string (Unicode):
(hyperref)                removing `\centraleponts' on input line 1803.


Package hyperref Warning: Token not allowed in a PDF string (Unicode):
(hyperref)                removing `\etoile' on input line 1813.

[52]

Package hyperref Warning: Token not allowed in a PDF string (Unicode):
(hyperref)                removing `\ccinp' on input line 1820.


Package hyperref Warning: Token not allowed in a PDF string (Unicode):
(hyperref)                removing `\ccinp' on input line 1825.


Package hyperref Warning: Token not allowed in a PDF string (Unicode):
(hyperref)                removing `\ccinp' on input line 1830.


Package hyperref Warning: Token not allowed in a PDF string (Unicode):
(hyperref)                removing `\telecom' on input line 1838.


Package hyperref Warning: Token not allowed in a PDF string (Unicode):
(hyperref)                removing `\etoile' on input line 1843.


Package hyperref Warning: Token not allowed in a PDF string (Unicode):
(hyperref)                removing `math shift' on input line 1849.


Package hyperref Warning: Token not allowed in a PDF string (Unicode):
(hyperref)                removing `math shift' on input line 1849.


Package hyperref Warning: Token not allowed in a PDF string (Unicode):
(hyperref)                removing `\centraleponts' on input line 1849.


Package hyperref Warning: Token not allowed in a PDF string (Unicode):
(hyperref)                removing `math shift' on input line 1858.


Package hyperref Warning: Token not allowed in a PDF string (Unicode):
(hyperref)                removing `math shift' on input line 1858.


Package hyperref Warning: Token not allowed in a PDF string (Unicode):
(hyperref)                removing `\centraleponts' on input line 1858.

[53]

Package hyperref Warning: Token not allowed in a PDF string (Unicode):
(hyperref)                removing `math shift' on input line 1868.


Package hyperref Warning: Token not allowed in a PDF string (Unicode):
(hyperref)                removing `math shift' on input line 1868.


Package hyperref Warning: Token not allowed in a PDF string (Unicode):
(hyperref)                removing `\telecom' on input line 1868.


Package hyperref Warning: Token not allowed in a PDF string (Unicode):
(hyperref)                removing `math shift' on input line 1877.


Package hyperref Warning: Token not allowed in a PDF string (Unicode):
(hyperref)                removing `math shift' on input line 1877.


Package hyperref Warning: Token not allowed in a PDF string (Unicode):
(hyperref)                removing `\xens' on input line 1877.


Package hyperref Warning: Token not allowed in a PDF string (Unicode):
(hyperref)                removing `\telecom' on input line 1882.


Package hyperref Warning: Token not allowed in a PDF string (Unicode):
(hyperref)                removing `\centraleponts' on input line 1888.


LaTeX Warning: Hyper reference `sec:pertubation-de-polynÃ´mes' on page 54 undef
ined on input line 1901.


Package hyperref Warning: Token not allowed in a PDF string (Unicode):
(hyperref)                removing `math shift' on input line 1907.


Package hyperref Warning: Token not allowed in a PDF string (Unicode):
(hyperref)                removing `math shift' on input line 1907.

[54]

Package hyperref Warning: Token not allowed in a PDF string (Unicode):
(hyperref)                removing `\centraleponts' on input line 1926.


Package hyperref Warning: Token not allowed in a PDF string (Unicode):
(hyperref)                removing `\telecom' on input line 1949.


Package hyperref Warning: Token not allowed in a PDF string (Unicode):
(hyperref)                removing `\centraleponts' on input line 1954.

[55]

Package hyperref Warning: Token not allowed in a PDF string (Unicode):
(hyperref)                removing `\centraleponts' on input line 1964.


Package hyperref Warning: Token not allowed in a PDF string (Unicode):
(hyperref)                removing `\ccinp' on input line 1984.


Package hyperref Warning: Token not allowed in a PDF string (Unicode):
(hyperref)                removing `\etoile' on input line 2003.

[56]

Package hyperref Warning: Token not allowed in a PDF string (Unicode):
(hyperref)                removing `\ccinp' on input line 2017.


Package hyperref Warning: Token not allowed in a PDF string (Unicode):
(hyperref)                removing `\xens' on input line 2049.


Underfull \hbox (badness 10000) in paragraph at lines 2058--2060

 []

[57] [58]
Chapitre V.

Overfull \hbox (10.0pt too wide) in paragraph at lines 2064--2064
[][][][][][][][][]  
 []


Package hyperref Warning: Token not allowed in a PDF string (Unicode):
(hyperref)                removing `\etoile' on input line 2065.

[59

]

Package hyperref Warning: Token not allowed in a PDF string (Unicode):
(hyperref)                removing `math shift' on input line 2117.


Package hyperref Warning: Token not allowed in a PDF string (Unicode):
(hyperref)                removing `math shift' on input line 2117.


Package hyperref Warning: Token not allowed in a PDF string (Unicode):
(hyperref)                removing `math shift' on input line 2123.


Package hyperref Warning: Token not allowed in a PDF string (Unicode):
(hyperref)                removing `subscript' on input line 2123.


Package hyperref Warning: Token not allowed in a PDF string (Unicode):
(hyperref)                removing `math shift' on input line 2123.


Package hyperref Warning: Token not allowed in a PDF string (Unicode):
(hyperref)                removing `math shift' on input line 2133.


Package hyperref Warning: Token not allowed in a PDF string (Unicode):
(hyperref)                removing `superscript' on input line 2133.


Package hyperref Warning: Token not allowed in a PDF string (Unicode):
(hyperref)                removing `math shift' on input line 2133.


Package hyperref Warning: Token not allowed in a PDF string (Unicode):
(hyperref)                removing `math shift' on input line 2145.


Package hyperref Warning: Token not allowed in a PDF string (Unicode):
(hyperref)                removing `math shift' on input line 2145.

[60] [61]

Package hyperref Warning: Token not allowed in a PDF string (Unicode):
(hyperref)                removing `\telecom' on input line 2212.


Package hyperref Warning: Token not allowed in a PDF string (Unicode):
(hyperref)                removing `math shift' on input line 2221.


Package hyperref Warning: Token not allowed in a PDF string (Unicode):
(hyperref)                removing `superscript' on input line 2221.


Package hyperref Warning: Token not allowed in a PDF string (Unicode):
(hyperref)                removing `math shift' on input line 2221.

[62] [63]

Package hyperref Warning: Token not allowed in a PDF string (Unicode):
(hyperref)                removing `math shift' on input line 2300.


Package hyperref Warning: Token not allowed in a PDF string (Unicode):
(hyperref)                removing `superscript' on input line 2300.


Package hyperref Warning: Token not allowed in a PDF string (Unicode):
(hyperref)                removing `math shift' on input line 2300.

[64] [65] [66]
Chapitre VI.

Overfull \hbox (10.0pt too wide) in paragraph at lines 2394--2394
[][][][][][][][][]  
 []


Underfull \hbox (badness 10000) in paragraph at lines 2410--2413

 []

[67

] [68]

Package hyperref Warning: Token not allowed in a PDF string (Unicode):
(hyperref)                removing `math shift' on input line 2509.


Package hyperref Warning: Token not allowed in a PDF string (Unicode):
(hyperref)                removing `math shift' on input line 2509.

[69]

Package hyperref Warning: Token not allowed in a PDF string (Unicode):
(hyperref)                removing `math shift' on input line 2544.


Package hyperref Warning: Token not allowed in a PDF string (Unicode):
(hyperref)                removing `\zeta' on input line 2544.


Package hyperref Warning: Token not allowed in a PDF string (Unicode):
(hyperref)                removing `math shift' on input line 2544.

[70]

Package hyperref Warning: Token not allowed in a PDF string (Unicode):
(hyperref)                removing `\etoile' on input line 2580.


Package hyperref Warning: Token not allowed in a PDF string (Unicode):
(hyperref)                removing `\etoile' on input line 2588.

[71]
\c@saveenum=\count388


Package hyperref Warning: Token not allowed in a PDF string (Unicode):
(hyperref)                removing `\etoile' on input line 2641.

[72] [73] [74

]
Chapitre VII.

Overfull \hbox (10.0pt too wide) in paragraph at lines 2667--2667
[][][][][][][][][]  
 []

[75]
Underfull \hbox (badness 10000) in paragraph at lines 2715--2716

 []

[76]
Underfull \hbox (badness 10000) in paragraph at lines 2753--2754

 []

[77] [78] [79]

LaTeX Warning: Hyper reference `ThÃ©orÃ¨me d'AndrÃ© corrigÃ©' on page 80 undefi
ned on input line 2879.

[80]
Underfull \hbox (badness 10000) in paragraph at lines 2917--2924

 []

[81] [82]
Chapitre VIII.

Overfull \hbox (10.0pt too wide) in paragraph at lines 2980--2980
[][][][][][][][][]  
 []


Package hyperref Warning: Token not allowed in a PDF string (Unicode):
(hyperref)                removing `\ccinp' on input line 2981.


Package hyperref Warning: Token not allowed in a PDF string (Unicode):
(hyperref)                removing `math shift' on input line 2991.


Package hyperref Warning: Token not allowed in a PDF string (Unicode):
(hyperref)                removing `math shift' on input line 2991.


Package hyperref Warning: Token not allowed in a PDF string (Unicode):
(hyperref)                removing `\etoile' on input line 2991.


Package hyperref Warning: Token not allowed in a PDF string (Unicode):
(hyperref)                removing `\ccinp' on input line 2996.


Package hyperref Warning: Token not allowed in a PDF string (Unicode):
(hyperref)                removing `\centraleponts' on input line 3006.


Underfull \hbox (badness 10000) in paragraph at lines 3014--3016

 []

[83

]

Package hyperref Warning: Token not allowed in a PDF string (Unicode):
(hyperref)                removing `\centraleponts' on input line 3021.


Package hyperref Warning: Token not allowed in a PDF string (Unicode):
(hyperref)                removing `\xens' on input line 3033.


Package hyperref Warning: Token not allowed in a PDF string (Unicode):
(hyperref)                removing `\centraleponts' on input line 3038.


Package hyperref Warning: Token not allowed in a PDF string (Unicode):
(hyperref)                removing `\etoile' on input line 3053.


Package hyperref Warning: Token not allowed in a PDF string (Unicode):
(hyperref)                removing `\telecom' on input line 3059.

[84]

Package hyperref Warning: Token not allowed in a PDF string (Unicode):
(hyperref)                removing `\centraleponts' on input line 3068.


Package hyperref Warning: Token not allowed in a PDF string (Unicode):
(hyperref)                removing `\centraleponts' on input line 3078.


Package hyperref Warning: Token not allowed in a PDF string (Unicode):
(hyperref)                removing `\centraleponts' on input line 3088.


Package hyperref Warning: Token not allowed in a PDF string (Unicode):
(hyperref)                removing `\centraleponts' on input line 3098.


Overfull \hbox (16.81601pt too wide) in paragraph at lines 3103--3103
|[]\T1/cmr/bx/n/14.4 Polynômes réels de de-gré $\OML/cmm/m/it/14.4 n$ \T1/cmr/b
x/n/14.4 scin-dés à ra-cines simples sur $\U/msb/m/n/14.4 R$  []
 []


Package hyperref Warning: Token not allowed in a PDF string (Unicode):
(hyperref)                removing `math shift' on input line 3103.


Package hyperref Warning: Token not allowed in a PDF string (Unicode):
(hyperref)                removing `math shift' on input line 3103.


Package hyperref Warning: Token not allowed in a PDF string (Unicode):
(hyperref)                removing `math shift' on input line 3103.


Package hyperref Warning: Token not allowed in a PDF string (Unicode):
(hyperref)                removing `math shift' on input line 3103.


Package hyperref Warning: Token not allowed in a PDF string (Unicode):
(hyperref)                removing `\xens' on input line 3103.


Package hyperref Warning: Token not allowed in a PDF string (Unicode):
(hyperref)                removing `\centraleponts' on input line 3112.

[85]
Underfull \hbox (badness 10000) in paragraph at lines 3127--3130

 []


Underfull \hbox (badness 10000) in paragraph at lines 3127--3130

 []


Package hyperref Warning: Token not allowed in a PDF string (Unicode):
(hyperref)                removing `\etoile' on input line 3131.


Package hyperref Warning: Token not allowed in a PDF string (Unicode):
(hyperref)                removing `\centraleponts' on input line 3143.


Underfull \hbox (badness 10000) in paragraph at lines 3145--3146

 []


Package hyperref Warning: Token not allowed in a PDF string (Unicode):
(hyperref)                removing `\centraleponts' on input line 3152.

[86]

Package hyperref Warning: Token not allowed in a PDF string (Unicode):
(hyperref)                removing `\centraleponts' on input line 3163.


Package hyperref Warning: Token not allowed in a PDF string (Unicode):
(hyperref)                removing `\etoile' on input line 3169.


Package hyperref Warning: Token not allowed in a PDF string (Unicode):
(hyperref)                removing `\telecom' on input line 3174.


Package hyperref Warning: Token not allowed in a PDF string (Unicode):
(hyperref)                removing `\xens' on input line 3180.


Package hyperref Warning: Token not allowed in a PDF string (Unicode):
(hyperref)                removing `\xens' on input line 3189.


Package hyperref Warning: Token not allowed in a PDF string (Unicode):
(hyperref)                removing `\centraleponts' on input line 3199.


Package hyperref Warning: Token not allowed in a PDF string (Unicode):
(hyperref)                removing `\centraleponts' on input line 3204.

[87]

Package hyperref Warning: Token not allowed in a PDF string (Unicode):
(hyperref)                removing `\centraleponts' on input line 3218.


Package hyperref Warning: Token not allowed in a PDF string (Unicode):
(hyperref)                removing `\xens' on input line 3224.


Underfull \hbox (badness 10000) in paragraph at lines 3226--3229

 []


Package hyperref Warning: Token not allowed in a PDF string (Unicode):
(hyperref)                removing `math shift' on input line 3230.


Package hyperref Warning: Token not allowed in a PDF string (Unicode):
(hyperref)                removing `math shift' on input line 3230.


Package hyperref Warning: Token not allowed in a PDF string (Unicode):
(hyperref)                removing `\centraleponts' on input line 3230.


Package hyperref Warning: Token not allowed in a PDF string (Unicode):
(hyperref)                removing `\centraleponts' on input line 3240.


Package hyperref Warning: Token not allowed in a PDF string (Unicode):
(hyperref)                removing `\centraleponts' on input line 3255.

[88]

Package hyperref Warning: Token not allowed in a PDF string (Unicode):
(hyperref)                removing `\centraleponts' on input line 3261.


Package hyperref Warning: Token not allowed in a PDF string (Unicode):
(hyperref)                removing `\ccinp' on input line 3279.


Package hyperref Warning: Token not allowed in a PDF string (Unicode):
(hyperref)                removing `\centraleponts' on input line 3285.


Underfull \hbox (badness 10000) in paragraph at lines 3292--3293

 []


Package hyperref Warning: Token not allowed in a PDF string (Unicode):
(hyperref)                removing `\centraleponts' on input line 3297.

[89]

Package hyperref Warning: Token not allowed in a PDF string (Unicode):
(hyperref)                removing `\centraleponts' on input line 3329.

[90]

Package hyperref Warning: Token not allowed in a PDF string (Unicode):
(hyperref)                removing `\ccinp' on input line 3359.


Package hyperref Warning: Token not allowed in a PDF string (Unicode):
(hyperref)                removing `math shift' on input line 3365.


Package hyperref Warning: Token not allowed in a PDF string (Unicode):
(hyperref)                removing `superscript' on input line 3365.


Package hyperref Warning: Token not allowed in a PDF string (Unicode):
(hyperref)                removing `math shift' on input line 3365.


Package hyperref Warning: Token not allowed in a PDF string (Unicode):
(hyperref)                removing `\xens' on input line 3365.


Package hyperref Warning: Token not allowed in a PDF string (Unicode):
(hyperref)                removing `math shift' on input line 3370.


Package hyperref Warning: Token not allowed in a PDF string (Unicode):
(hyperref)                removing `superscript' on input line 3370.


Package hyperref Warning: Token not allowed in a PDF string (Unicode):
(hyperref)                removing `math shift' on input line 3370.


Package hyperref Warning: Token not allowed in a PDF string (Unicode):
(hyperref)                removing `\xens' on input line 3370.


Underfull \hbox (badness 10000) in paragraph at lines 3372--3373

 []


Package hyperref Warning: Token not allowed in a PDF string (Unicode):
(hyperref)                removing `math shift' on input line 3378.


Package hyperref Warning: Token not allowed in a PDF string (Unicode):
(hyperref)                removing `superscript' on input line 3378.


Package hyperref Warning: Token not allowed in a PDF string (Unicode):
(hyperref)                removing `math shift' on input line 3378.


Package hyperref Warning: Token not allowed in a PDF string (Unicode):
(hyperref)                removing `\xens' on input line 3378.


Package hyperref Warning: Token not allowed in a PDF string (Unicode):
(hyperref)                removing `math shift' on input line 3383.


Package hyperref Warning: Token not allowed in a PDF string (Unicode):
(hyperref)                removing `superscript' on input line 3383.


Package hyperref Warning: Token not allowed in a PDF string (Unicode):
(hyperref)                removing `math shift' on input line 3383.


Package hyperref Warning: Token not allowed in a PDF string (Unicode):
(hyperref)                removing `\xens' on input line 3383.


Package hyperref Warning: Token not allowed in a PDF string (Unicode):
(hyperref)                removing `\etoile' on input line 3393.


Underfull \hbox (badness 10000) in paragraph at lines 3395--3396

 []

[91]

Package hyperref Warning: Token not allowed in a PDF string (Unicode):
(hyperref)                removing `\centraleponts' on input line 3408.


Package hyperref Warning: Token not allowed in a PDF string (Unicode):
(hyperref)                removing `\xens' on input line 3418.


Overfull \hbox (3.0004pt too wide) in paragraph at lines 3423--3425
[]\T1/cmr/m/n/10 Soit $\OT1/cmr/m/n/10 (\OML/cmm/m/it/10 f[]; [] ; f[]\OT1/cmr/
m/n/10 )$ \T1/cmr/m/n/10 une fa-mille libre de $\OT1/cmr/m/n/10 (\U/msb/m/n/10 
R[]\OT1/cmr/m/n/10 )[]$\T1/cmr/m/n/10 . Quel est le nombre de com-po-santes con
nexes par arcs de $\U/msb/m/n/10 R[]\OMS/cmsy/m/n/10 n [] []$ \T1/cmr/m/n/10 ? 

 []


Package hyperref Warning: Token not allowed in a PDF string (Unicode):
(hyperref)                removing `math shift' on input line 3428.


Package hyperref Warning: Token not allowed in a PDF string (Unicode):
(hyperref)                removing `math shift' on input line 3428.


Package hyperref Warning: Token not allowed in a PDF string (Unicode):
(hyperref)                removing `\centraleponts' on input line 3428.


Package hyperref Warning: Token not allowed in a PDF string (Unicode):
(hyperref)                removing `\centraleponts' on input line 3437.


Package hyperref Warning: Token not allowed in a PDF string (Unicode):
(hyperref)                removing `\etoile' on input line 3442.

[92]
Underfull \hbox (badness 10000) in paragraph at lines 3480--3481

 []


Package hyperref Warning: Token not allowed in a PDF string (Unicode):
(hyperref)                removing `math shift' on input line 3486.


Package hyperref Warning: Token not allowed in a PDF string (Unicode):
(hyperref)                removing `math shift' on input line 3486.


Package hyperref Warning: Token not allowed in a PDF string (Unicode):
(hyperref)                removing `\etoile' on input line 3486.

[93]

Package hyperref Warning: Token not allowed in a PDF string (Unicode):
(hyperref)                removing `\etoile' on input line 3510.


Underfull \hbox (badness 10000) in paragraph at lines 3512--3513

 []


Package hyperref Warning: Token not allowed in a PDF string (Unicode):
(hyperref)                removing `\etoile' on input line 3524.


Package hyperref Warning: Token not allowed in a PDF string (Unicode):
(hyperref)                removing `\etoile' on input line 3529.


Underfull \hbox (badness 10000) in paragraph at lines 3537--3539

 []


Package hyperref Warning: Token not allowed in a PDF string (Unicode):
(hyperref)                removing `math shift' on input line 3543.


Package hyperref Warning: Token not allowed in a PDF string (Unicode):
(hyperref)                removing `subscript' on input line 3543.


Package hyperref Warning: Token not allowed in a PDF string (Unicode):
(hyperref)                removing `math shift' on input line 3543.


Package hyperref Warning: Token not allowed in a PDF string (Unicode):
(hyperref)                removing `\etoile' on input line 3543.


Package hyperref Warning: Token not allowed in a PDF string (Unicode):
(hyperref)                removing `\etoile' on input line 3548.


Underfull \hbox (badness 10000) in paragraph at lines 3550--3553

 []

[94]

Package hyperref Warning: Token not allowed in a PDF string (Unicode):
(hyperref)                removing `\etoile' on input line 3557.


Package hyperref Warning: Token not allowed in a PDF string (Unicode):
(hyperref)                removing `\etoile' on input line 3569.


Underfull \hbox (badness 10000) in paragraph at lines 3571--3572

 []


Underfull \hbox (badness 10000) in paragraph at lines 3600--3601

 []

[95]
Underfull \hbox (badness 10000) in paragraph at lines 3609--3610

 []


Overfull \hbox (45.1187pt too wide) in paragraph at lines 3639--3641
[]\T1/cmr/m/n/10 On sou-haite mon-trer pour toute ma-trice $\OML/cmm/m/it/10 A$
 \T1/cmr/m/n/10 la pro-po-si-tion $\U/eus/m/n/10 P\OT1/cmr/m/n/10 (\OML/cmm/m/i
t/10 A\OT1/cmr/m/n/10 ) : "[]"$\T1/cmr/m/n/10 .
 []


Underfull \hbox (badness 10000) in paragraph at lines 3639--3641

 []


Underfull \hbox (badness 10000) in paragraph at lines 3648--3649

 []

[96]

Package hyperref Warning: Token not allowed in a PDF string (Unicode):
(hyperref)                removing `\etoile' on input line 3654.


LaTeX Warning: Reference `Matrices de permutation' on page 97 undefined on inpu
t line 3657.

[97] [98

]
Chapitre IX.

Overfull \hbox (10.0pt too wide) in paragraph at lines 3677--3677
[][][][][][][][][]  
 []


Underfull \hbox (badness 10000) in paragraph at lines 3678--3679

 []


Package hyperref Warning: Token not allowed in a PDF string (Unicode):
(hyperref)                removing `\etoile' on input line 3705.


Package hyperref Warning: Token not allowed in a PDF string (Unicode):
(hyperref)                removing `\centraleponts' on input line 3714.

[99]

Package hyperref Warning: Token not allowed in a PDF string (Unicode):
(hyperref)                removing `\centraleponts' on input line 3728.


Underfull \hbox (badness 10000) in paragraph at lines 3729--3734

 []


Package hyperref Warning: Token not allowed in a PDF string (Unicode):
(hyperref)                removing `math shift' on input line 3741.


Package hyperref Warning: Token not allowed in a PDF string (Unicode):
(hyperref)                removing `\@@underline' on input line 3741.


Package hyperref Warning: Token not allowed in a PDF string (Unicode):
(hyperref)                removing `\hbox' on input line 3741.


Package hyperref Warning: Token not allowed in a PDF string (Unicode):
(hyperref)                removing `\mathsurround' on input line 3741.


Package hyperref Warning: Token not allowed in a PDF string (Unicode):
(hyperref)                removing `\z@' on input line 3741.


Package hyperref Warning: Token not allowed in a PDF string (Unicode):
(hyperref)                removing `math shift' on input line 3741.


Package hyperref Warning: Token not allowed in a PDF string (Unicode):
(hyperref)                removing `\centraleponts' on input line 3741.

[100]
Underfull \hbox (badness 10000) in paragraph at lines 3767--3772

 []

[101] [102]
Chapitre X.

Overfull \hbox (10.0pt too wide) in paragraph at lines 3809--3809
[][][][][][][][][]  
 []

[103

]
Overfull \hbox (22.47261pt too wide) in paragraph at lines 3886--3886
|[]\T1/cmr/bx/n/14.4 Etude asymp-to-tique des so-lu-tions d'une équa-tion dif-f
é-ren-tielle  []
 []


Package hyperref Warning: Token not allowed in a PDF string (Unicode):
(hyperref)                removing `\centraleponts' on input line 3886.


Package hyperref Warning: Token not allowed in a PDF string (Unicode):
(hyperref)                removing `math shift' on input line 3900.


Package hyperref Warning: Token not allowed in a PDF string (Unicode):
(hyperref)                removing `\pi' on input line 3900.


Package hyperref Warning: Token not allowed in a PDF string (Unicode):
(hyperref)                removing `math shift' on input line 3900.

[104] [105]
Missing character: There is no 2 in font eusm7!
[106] [107]

Package hyperref Warning: Token not allowed in a PDF string (Unicode):
(hyperref)                removing `\etoile' on input line 4055.


Package hyperref Warning: Token not allowed in a PDF string (Unicode):
(hyperref)                removing `\etoile' on input line 4060.

[108]
Chapitre XI.

Overfull \hbox (10.0pt too wide) in paragraph at lines 4071--4071
[][][][][][][][][]  
 []


LaTeX Warning: Hyper reference `Calcul de dÃ©rivÃ©es partielles corrigÃ©' on pa
ge 109 undefined on input line 4073.

[109

]

Package hyperref Warning: Token not allowed in a PDF string (Unicode):
(hyperref)                removing `\etoile' on input line 4121.

[110] [111]
Underfull \hbox (badness 10000) in paragraph at lines 4257--4259

 []

[112] [113]

Package hyperref Warning: Token not allowed in a PDF string (Unicode):
(hyperref)                removing `math shift' on input line 4306.


Package hyperref Warning: Token not allowed in a PDF string (Unicode):
(hyperref)                removing `superscript' on input line 4306.


Package hyperref Warning: Token not allowed in a PDF string (Unicode):
(hyperref)                removing `math shift' on input line 4306.

[114] [115] [116]
Chapitre XII.

Overfull \hbox (10.0pt too wide) in paragraph at lines 4407--4407
[][][][][][][][][]  
 []


Package hyperref Warning: Token not allowed in a PDF string (Unicode):
(hyperref)                removing `\xens' on input line 4408.


Package hyperref Warning: Token not allowed in a PDF string (Unicode):
(hyperref)                removing `math shift' on input line 4418.


Package hyperref Warning: Token not allowed in a PDF string (Unicode):
(hyperref)                removing `math shift' on input line 4418.


Package hyperref Warning: Token not allowed in a PDF string (Unicode):
(hyperref)                removing `\xens' on input line 4418.


Overfull \hbox (6.4345pt too wide) in paragraph at lines 4433--4434
[]\T1/cmr/m/n/10 Montrer qu'il existe une unique suite $\OT1/cmr/m/n/10 (\OML/c
mm/m/it/10 q[]\OT1/cmr/m/n/10 )[]$ \T1/cmr/m/n/10 d'en-tiers na-tu-rels su-pé-r
ieurs ou égaux à $\OT1/cmr/m/n/10 2$ \T1/cmr/m/n/10 telle que $\OML/cmm/m/it/10
 x \OT1/cmr/m/n/10 = [] []$\T1/cmr/m/n/10 . 
 []

[117

]

Package hyperref Warning: Token not allowed in a PDF string (Unicode):
(hyperref)                removing `\xens' on input line 4455.


Package hyperref Warning: Token not allowed in a PDF string (Unicode):
(hyperref)                removing `\xens' on input line 4462.

[118]
Chapitre XIII.

Overfull \hbox (10.0pt too wide) in paragraph at lines 4475--4475
[][][][][][][][][]  
 []


Underfull \hbox (badness 10000) in paragraph at lines 4485--4489

 []


Underfull \vbox (badness 4024) has occurred while \output is active []

 [119

]
[120]
Underfull \hbox (badness 10000) in paragraph at lines 4535--4538

 []


LaTeX Warning: Hyper reference `SÃ©rie Harmonique' on page 121 undefined on inp
ut line 4543.


Underfull \hbox (badness 10000) in paragraph at lines 4543--4544

 []


Underfull \hbox (badness 10000) in paragraph at lines 4545--4550

 []

[121]
Underfull \hbox (badness 10000) in paragraph at lines 4558--4559

 []

[122]
Underfull \hbox (badness 10000) in paragraph at lines 4591--4593

 []


Underfull \hbox (badness 10000) in paragraph at lines 4593--4603

 []

[123]
Underfull \hbox (badness 10000) in paragraph at lines 4618--4619

 []


Underfull \hbox (badness 10000) in paragraph at lines 4621--4622

 []


Underfull \hbox (badness 10000) in paragraph at lines 4624--4630

 []

[124]
Underfull \hbox (badness 10000) in paragraph at lines 4652--4654

 []


LaTeX Warning: Reference `Lemme de Cesaro' on page 125 undefined on input line 
4661.


Underfull \hbox (badness 10000) in paragraph at lines 4665--4666

 []


Underfull \hbox (badness 10000) in paragraph at lines 4669--4671

 []

[125]
Underfull \hbox (badness 10000) in paragraph at lines 4682--4683

 []


Underfull \hbox (badness 10000) in paragraph at lines 4685--4686

 []


Underfull \hbox (badness 10000) in paragraph at lines 4688--4689

 []


Underfull \hbox (badness 10000) in paragraph at lines 4691--4692

 []


Underfull \hbox (badness 10000) in paragraph at lines 4697--4701

 []


Underfull \hbox (badness 10000) in paragraph at lines 4705--4706

 []

[126]
Underfull \vbox (badness 3954) has occurred while \output is active []

 [127]
Underfull \hbox (badness 10000) in paragraph at lines 4765--4766

 []

[128]
Underfull \hbox (badness 10000) in paragraph at lines 4782--4785

 []


Underfull \hbox (badness 10000) in paragraph at lines 4788--4789

 []


Underfull \hbox (badness 10000) in paragraph at lines 4795--4801

 []

[129]
Underfull \hbox (badness 10000) in paragraph at lines 4805--4806

 []


Underfull \hbox (badness 10000) in paragraph at lines 4807--4822

 []


Underfull \hbox (badness 10000) in paragraph at lines 4807--4822

 []


Underfull \hbox (badness 10000) in paragraph at lines 4832--4833

 []

[130]
Overfull \hbox (21.17285pt too wide) in paragraph at lines 4839--4849
\T1/cmr/m/n/10 Montrons main-te-nant $\U/eus/m/n/10 P\OT1/cmr/m/n/10 (2\OML/cmm
/m/it/10 n\OT1/cmr/m/n/10 )$\T1/cmr/m/n/10 . On se donne $\OT1/cmr/m/n/10 (\OML
/cmm/m/it/10 x[]; [] ; x[]; y[]; [] ; y[]\OT1/cmr/m/n/10 ) \OMS/cmsy/m/n/10 2 \
OT1/cmr/m/n/10 (\U/msb/m/n/10 R[]\OT1/cmr/m/n/10 )[]$\T1/cmr/m/n/10 . En ap-pli
-quant $\U/eus/m/n/10 P\OT1/cmr/m/n/10 (2)$ \T1/cmr/m/n/10 sur $[]$
 []


Underfull \hbox (badness 10000) in paragraph at lines 4839--4849

 []


Underfull \hbox (badness 10000) in paragraph at lines 4864--4865

 []

[131] [132] [133]
Underfull \hbox (badness 10000) in paragraph at lines 4951--4956

 []


Underfull \hbox (badness 10000) in paragraph at lines 4956--4966

 []


Underfull \hbox (badness 10000) in paragraph at lines 4978--4980

 []

[134]
Underfull \hbox (badness 10000) in paragraph at lines 4991--4994

 []


Underfull \hbox (badness 10000) in paragraph at lines 4991--4994

 []

[135] [136]

LaTeX Warning: Command \` invalid in math mode on input line 5047.

Missing character: There is no è in font cmr7!

Underfull \hbox (badness 10000) in paragraph at lines 5059--5061

 []

[137]
Underfull \hbox (badness 10000) in paragraph at lines 5087--5089

 []


Underfull \hbox (badness 10000) in paragraph at lines 5103--5105

 []

[138]
Underfull \hbox (badness 10000) in paragraph at lines 5120--5122

 []


Underfull \hbox (badness 10000) in paragraph at lines 5133--5135

 []


Underfull \hbox (badness 10000) in paragraph at lines 5146--5147

 []

[139]
Underfull \hbox (badness 10000) in paragraph at lines 5179--5180

 []


Underfull \hbox (badness 10000) in paragraph at lines 5185--5187

 []

[140]
Underfull \hbox (badness 10000) in paragraph at lines 5197--5198

 []


LaTeX Warning: Command \` invalid in math mode on input line 5225.

Missing character: There is no è in font cmr7!

LaTeX Warning: Command \` invalid in math mode on input line 5229.

Missing character: There is no è in font cmr7!

Underfull \hbox (badness 10000) in paragraph at lines 5224--5232

 []

[141]
Underfull \hbox (badness 10000) in paragraph at lines 5235--5236

 []


LaTeX Warning: Command \o invalid in math mode on input line 5257.

Missing character: There is no ø in font cmr10!

LaTeX Warning: Command \o invalid in math mode on input line 5257.

Missing character: There is no ø in font cmr10!

LaTeX Warning: Command \o invalid in math mode on input line 5258.

Missing character: There is no ø in font cmr10!
[142]
Underfull \hbox (badness 10000) in paragraph at lines 5291--5293

 []

[143] [144]
Underfull \hbox (badness 10000) in paragraph at lines 5329--5344

 []


Underfull \hbox (badness 10000) in paragraph at lines 5347--5358

 []


Underfull \hbox (badness 10000) in paragraph at lines 5347--5358

 []

[145]
Underfull \hbox (badness 10000) in paragraph at lines 5374--5375

 []

[146]
Underfull \hbox (badness 10000) in paragraph at lines 5380--5381

 []

[147]
Underfull \hbox (badness 10000) in paragraph at lines 5423--5424

 []


Underfull \hbox (badness 10000) in paragraph at lines 5454--5456

 []

[148]
Overfull \hbox (4.3814pt too wide) in paragraph at lines 5465--5466
\T1/cmr/m/n/10 Ainsi d'après le théo-rème de trans-fert $\U/eus/m/n/10 C[]$\T1/
cmr/m/n/10 , $\OML/cmm/m/it/10 I$ \T1/cmr/m/n/10 est $\U/eus/m/n/10 C[]$ \T1/cm
r/m/n/10 sur $[]\OT1/cmr/m/n/10 [\OML/cmm/m/it/10 a; b\OT1/cmr/m/n/10 ] = \U/ms
b/m/n/10 R[]$ \T1/cmr/m/n/10 et, $\OMS/cmsy/m/n/10 8\OML/cmm/m/it/10 x \OMS/cms
y/m/n/10 2 \U/msb/m/n/10 R[]\OML/cmm/m/it/10 ;  I[]\OT1/cmr/m/n/10 (\OML/cmm/m/
it/10 x\OT1/cmr/m/n/10 ) = [][] \OMS/cmsy/m/n/10 ^^@\OT1/cmr/m/n/10 2\OML/cmm/m
/it/10 xe[]dt$\T1/cmr/m/n/10 . 
 []


Underfull \hbox (badness 10000) in paragraph at lines 5485--5486

 []


Underfull \hbox (badness 10000) in paragraph at lines 5487--5503

 []


Underfull \hbox (badness 10000) in paragraph at lines 5487--5503

 []

[149] [150]
Underfull \hbox (badness 10000) in paragraph at lines 5533--5535

 []


Underfull \hbox (badness 10000) in paragraph at lines 5555--5566

 []


Underfull \hbox (badness 10000) in paragraph at lines 5555--5566

 []

[151] [152]
Underfull \hbox (badness 10000) in paragraph at lines 5612--5615

 []

[153]
Underfull \hbox (badness 10000) in paragraph at lines 5630--5631

 []


Underfull \hbox (badness 10000) in paragraph at lines 5634--5635

 []


LaTeX Warning: Hyper reference `IntÃ©grabilitÃ© des cosinus de polynÃ´mes' on p
age 154 undefined on input line 5638.


Underfull \hbox (badness 10000) in paragraph at lines 5638--5639

 []


Underfull \hbox (badness 10000) in paragraph at lines 5651--5652

 []

[154]
Underfull \hbox (badness 10000) in paragraph at lines 5688--5689

 []


Underfull \hbox (badness 10000) in paragraph at lines 5692--5693

 []


Underfull \hbox (badness 10000) in paragraph at lines 5696--5697

 []

[155]
Underfull \hbox (badness 10000) in paragraph at lines 5700--5701

 []


Underfull \hbox (badness 10000) in paragraph at lines 5704--5705

 []


Underfull \hbox (badness 10000) in paragraph at lines 5708--5709

 []


Underfull \hbox (badness 10000) in paragraph at lines 5712--5713

 []


Underfull \hbox (badness 10000) in paragraph at lines 5728--5729

 []

[156]
Underfull \hbox (badness 10000) in paragraph at lines 5747--5749

 []

[157]
Underfull \hbox (badness 10000) in paragraph at lines 5773--5775

 []


Underfull \hbox (badness 10000) in paragraph at lines 5792--5802

 []


Overfull \hbox (7.83534pt too wide) in paragraph at lines 5792--5802
\OMS/cmsy/m/n/10 8\OML/cmm/m/it/10 k \OMS/cmsy/m/n/10 2 \U/stmry/m/n/10 J\OT1/c
mr/m/n/10 1; \OML/cmm/m/it/10 n\U/stmry/m/n/10 K\OML/cmm/m/it/10 ;  ^^U[] \OT1/
cmr/m/n/10 = [](\OML/cmm/m/it/10 t \OT1/cmr/m/n/10 + \OML/cmm/m/it/10 k\OT1/cmr
/m/n/10 )\OML/cmm/m/it/10 F\OT1/cmr/m/n/10 (\OML/cmm/m/it/10 t\OT1/cmr/m/n/10 )
 = [] [] = (\OMS/cmsy/m/n/10 ^^@\OT1/cmr/m/n/10 1)[] [] [] [] [] = [] = [][] =
 []


Underfull \hbox (badness 10000) in paragraph at lines 5792--5802

 []


Overfull \hbox (35.31807pt too wide) in paragraph at lines 5792--5802
\T1/cmr/m/n/10 Or, $[] [][] [] [] []\OT1/cmr/m/n/10 (\OML/cmm/m/it/10 A\OT1/cmr
/m/n/10 ) [] [][] + [][][][][] + [] [][] [](\OML/cmm/m/it/10 k\OT1/cmr/m/n/10 )
$ 
 []

[158]
Underfull \hbox (badness 10000) in paragraph at lines 5812--5813

 []


Underfull \hbox (badness 10000) in paragraph at lines 5815--5816

 []


Underfull \hbox (badness 10000) in paragraph at lines 5818--5819

 []


Underfull \hbox (badness 10000) in paragraph at lines 5820--5821

 []

[159]
Underfull \hbox (badness 10000) in paragraph at lines 5843--5844

 []


Underfull \hbox (badness 10000) in paragraph at lines 5846--5850

 []


Underfull \hbox (badness 10000) in paragraph at lines 5854--5856

 []


Underfull \vbox (badness 10000) has occurred while \output is active []

 [160]
Underfull \hbox (badness 10000) in paragraph at lines 5871--5872

 []


Underfull \hbox (badness 10000) in paragraph at lines 5871--5872

 []


Underfull \vbox (badness 10000) has occurred while \output is active []

 [161]
Underfull \hbox (badness 10000) in paragraph at lines 5897--5913

 []


Underfull \hbox (badness 10000) in paragraph at lines 5897--5913

 []


Underfull \hbox (badness 10000) in paragraph at lines 5897--5913

 []


Underfull \hbox (badness 10000) in paragraph at lines 5917--5918

 []

[162]
Underfull \hbox (badness 10000) in paragraph at lines 5921--5922

 []


Underfull \hbox (badness 10000) in paragraph at lines 5925--5926

 []


Underfull \hbox (badness 10000) in paragraph at lines 5929--5930

 []


Underfull \hbox (badness 10000) in paragraph at lines 5933--5934

 []

[163]
Underfull \hbox (badness 10000) in paragraph at lines 5972--5973

 []


Underfull \hbox (badness 10000) in paragraph at lines 5976--5977

 []


Underfull \hbox (badness 10000) in paragraph at lines 5979--5980

 []

[164] [165]
Underfull \hbox (badness 10000) in paragraph at lines 6039--6041

 []


Underfull \hbox (badness 10000) in paragraph at lines 6045--6047

 []

[166]
Underfull \hbox (badness 10000) in paragraph at lines 6092--6093

 []


Underfull \hbox (badness 10000) in paragraph at lines 6097--6099

 []

<trapeze.png, id=4948, 526.96875pt x 401.5pt>
File: trapeze.png Graphic file (type png)
<use trapeze.png>
Package pdftex.def Info: trapeze.png  used on input line 6105.
(pdftex.def)             Requested size: 307.2929pt x 234.13832pt.
[167] [168 <./trapeze.png>]
Underfull \hbox (badness 10000) in paragraph at lines 6154--6158

 []


Underfull \hbox (badness 10000) in paragraph at lines 6160--6161

 []


Underfull \hbox (badness 10000) in paragraph at lines 6164--6165

 []

[169] [170]
Underfull \hbox (badness 10000) in paragraph at lines 6171--6178

 []

LaTeX Font Info:    Trying to load font information for U+bbm on input line 619
1.
(C:\Users\estev\AppData\Local\Programs\MiKTeX\tex/latex/bbm\ubbm.fd
File: ubbm.fd 1999/03/15 V 1.2 Font definition for bbm font - TH
) [171]
Underfull \hbox (badness 10000) in paragraph at lines 6201--6202

 []


Underfull \hbox (badness 10000) in paragraph at lines 6205--6206

 []


Underfull \hbox (badness 10000) in paragraph at lines 6209--6210

 []


Underfull \hbox (badness 10000) in paragraph at lines 6219--6220

 []


Underfull \hbox (badness 10000) in paragraph at lines 6221--6224

 []

[172]
Underfull \hbox (badness 10000) in paragraph at lines 6243--6244

 []


Underfull \hbox (badness 10000) in paragraph at lines 6266--6270

 []


Underfull \hbox (badness 10000) in paragraph at lines 6274--6275

 []

[173]
Underfull \hbox (badness 10000) in paragraph at lines 6297--6308

 []

[174]
Underfull \hbox (badness 10000) in paragraph at lines 6346--6347

 []


Underfull \hbox (badness 10000) in paragraph at lines 6361--6362

 []

[175]
Underfull \hbox (badness 10000) in paragraph at lines 6386--6387

 []


Overfull \hbox (8.28284pt too wide) in paragraph at lines 6409--6419
[]\T1/cmr/m/n/10 On dé-duit de la for-mule d'ad-di-tion de $[] \OT1/cmr/m/n/10 
: \OMS/cmsy/m/n/10 8\OT1/cmr/m/n/10 (\OML/cmm/m/it/10 a; b\OT1/cmr/m/n/10 ) \OM
S/cmsy/m/n/10 2 [][] \OML/cmm/m/it/10 ;  []\OT1/cmr/m/n/10 (\OML/cmm/m/it/10 a\
OT1/cmr/m/n/10 ) [](\OML/cmm/m/it/10 b\OT1/cmr/m/n/10 ) \OMS/cmsy/m/n/10 6\OT1/
cmr/m/n/10 = 1  =[]\OMS/cmsy/m/n/10 )  []\OT1/cmr/m/n/10 (\OML/cmm/m/it/10 a \O
T1/cmr/m/n/10 + \OML/cmm/m/it/10 b\OT1/cmr/m/n/10 ) = []$\T1/cmr/m/n/10 ,
 []


Underfull \hbox (badness 10000) in paragraph at lines 6409--6419

 []

[176]
Underfull \hbox (badness 10000) in paragraph at lines 6423--6424

 []


Underfull \hbox (badness 10000) in paragraph at lines 6426--6428

 []


Underfull \hbox (badness 10000) in paragraph at lines 6451--6452

 []

[177]
Underfull \hbox (badness 10000) in paragraph at lines 6455--6456

 []


Underfull \hbox (badness 10000) in paragraph at lines 6470--6472

 []


Underfull \hbox (badness 10000) in paragraph at lines 6472--6487

 []


Underfull \hbox (badness 10000) in paragraph at lines 6472--6487

 []


Overfull \hbox (7.14438pt too wide) in paragraph at lines 6472--6487
\OMS/cmsy/m/n/10 8\OT1/cmr/m/n/10 (\OML/cmm/m/it/10 x; y\OT1/cmr/m/n/10 ) \OMS/
cmsy/m/n/10 2 \OML/cmm/m/it/10 I[];  f\OT1/cmr/m/n/10 (\OML/cmm/m/it/10 ^^Ux \O
T1/cmr/m/n/10 + (1 \OMS/cmsy/m/n/10 ^^@ \OML/cmm/m/it/10 ^^U\OT1/cmr/m/n/10 )\O
ML/cmm/m/it/10 y\OT1/cmr/m/n/10 ) = \OML/cmm/m/it/10 f [] \OT1/cmr/m/n/10 = \OM
L/cmm/m/it/10 f [] \OMS/cmsy/m/n/10 ^^T [] \OT1/cmr/m/n/10 = [] =
 []

[178]
Underfull \hbox (badness 10000) in paragraph at lines 6489--6490

 []


LaTeX Warning: Reference `ThÃ©orÃ¨me de Froda' on page 179 undefined on input l
ine 6503.


Underfull \hbox (badness 10000) in paragraph at lines 6508--6509

 []


Underfull \hbox (badness 10000) in paragraph at lines 6510--6514

 []


Underfull \hbox (badness 10000) in paragraph at lines 6514--6519

 []

[179]
Overfull \hbox (7.00624pt too wide) in paragraph at lines 6524--6541
\OT1/cmr/m/n/10 ^^H(\OML/cmm/m/it/10 c[]\OT1/cmr/m/n/10 ) = \OML/cmm/m/it/10 ^^
Uf\OT1/cmr/m/n/10 (\OML/cmm/m/it/10 x\OT1/cmr/m/n/10 )\OML/cmm/m/it/10 c[] \OT1
/cmr/m/n/10 + (1 \OMS/cmsy/m/n/10 ^^@ \OML/cmm/m/it/10 ^^U\OT1/cmr/m/n/10 )\OML
/cmm/m/it/10 f\OT1/cmr/m/n/10 (\OML/cmm/m/it/10 y\OT1/cmr/m/n/10 )\OML/cmm/m/it
/10 c[] \OT1/cmr/m/n/10 = \OML/cmm/m/it/10 ^^Uf\OT1/cmr/m/n/10 (\OML/cmm/m/it/1
0 x\OT1/cmr/m/n/10 )\OML/cmm/m/it/10 e[] \OT1/cmr/m/n/10 + (1 \OMS/cmsy/m/n/10 
^^@ \OML/cmm/m/it/10 ^^U\OT1/cmr/m/n/10 )\OML/cmm/m/it/10 f\OT1/cmr/m/n/10 (\OM
L/cmm/m/it/10 y\OT1/cmr/m/n/10 )\OML/cmm/m/it/10 e[] \OT1/cmr/m/n/10 = \OML/cmm
/m/it/10 ^^Uf\OT1/cmr/m/n/10 (\OML/cmm/m/it/10 x\OT1/cmr/m/n/10 )[]\OML/cmm/m/i
t/10 f\OT1/cmr/m/n/10 (\OML/cmm/m/it/10 y\OT1/cmr/m/n/10 )[] +
 []


Underfull \hbox (badness 10000) in paragraph at lines 6549--6550

 []

[180]
Underfull \hbox (badness 10000) in paragraph at lines 6563--6571

 []


Underfull \hbox (badness 10000) in paragraph at lines 6574--6575

 []


Underfull \hbox (badness 10000) in paragraph at lines 6580--6585

 []


Underfull \hbox (badness 10000) in paragraph at lines 6580--6585

 []


Underfull \hbox (badness 10000) in paragraph at lines 6580--6585

 []


Underfull \hbox (badness 10000) in paragraph at lines 6580--6585

 []

[181] [182] [183]
Underfull \hbox (badness 10000) in paragraph at lines 6653--6654

 []


Underfull \hbox (badness 10000) in paragraph at lines 6681--6682

 []

[184]
Underfull \hbox (badness 10000) in paragraph at lines 6691--6693

 []


Underfull \hbox (badness 10000) in paragraph at lines 6705--6706

 []


Underfull \hbox (badness 10000) in paragraph at lines 6720--6722

 []

[185]
Underfull \hbox (badness 10000) in paragraph at lines 6737--6738

 []

[186]
Overfull \hbox (6.73367pt too wide) in paragraph at lines 6774--6779
\T1/cmr/m/n/10 D'après le théo-rème des bornes at-teintes $\OML/cmm/m/it/10 h$ 
\T1/cmr/m/n/10 est bor-née sur $\OT1/cmr/m/n/10 [\OMS/cmsy/m/n/10 ^^@\OT1/cmr/m
/n/10 1\OML/cmm/m/it/10 ; \OT1/cmr/m/n/10 1]$ \T1/cmr/m/n/10 donc $\OML/cmm/m/i
t/10 H\OT1/cmr/m/n/10 (\OML/cmm/m/it/10 t\OT1/cmr/m/n/10 ) = [] [] [][]\U/eus/m
/n/10 O[][]$\T1/cmr/m/n/10 .
 []

[187]
Underfull \hbox (badness 10000) in paragraph at lines 6837--6838

 []

[188]
Overfull \hbox (1.47186pt too wide) in paragraph at lines 6864--6866
\T1/cmr/m/n/10 Si $\OML/cmm/m/it/10 P\OT1/cmr/m/n/10 (\U/msb/m/n/10 Z\OT1/cmr/m
/n/10 ) \OMS/cmsy/m/n/10 ^^Z \U/msb/m/n/10 Z$ \T1/cmr/m/n/10 alors par ré-cur-r
ence im-mé-diate $\OMS/cmsy/m/n/10 8\OML/cmm/m/it/10 k \OMS/cmsy/m/n/10 2 \U/st
mry/m/n/10 J\OT1/cmr/m/n/10 0; \OML/cmm/m/it/10 n\U/stmry/m/n/10 K\OML/cmm/m/it
/10 ;  \OT1/cmr/m/n/10 ^^A[](\OML/cmm/m/it/10 P\OT1/cmr/m/n/10 )(\U/msb/m/n/10 
Z\OT1/cmr/m/n/10 ) \OMS/cmsy/m/n/10 ^^Z \U/msb/m/n/10 Z$\T1/cmr/m/n/10 . Ré-ci-
pro-que-ment, si $\OMS/cmsy/m/n/10 8\OML/cmm/m/it/10 k \OMS/cmsy/m/n/10 2 \U/st
mry/m/n/10 J\OT1/cmr/m/n/10 0; \OML/cmm/m/it/10 n\U/stmry/m/n/10 K\OML/cmm/m/it
/10 ;  \OT1/cmr/m/n/10 ^^A[](\OML/cmm/m/it/10 P\OT1/cmr/m/n/10 )(0) \OMS/cmsy/m
/n/10 2
 []


Underfull \hbox (badness 10000) in paragraph at lines 6870--6871

 []

[189]
Underfull \hbox (badness 10000) in paragraph at lines 6898--6899

 []

[190]
Underfull \hbox (badness 10000) in paragraph at lines 6925--6926

 []


Underfull \hbox (badness 10000) in paragraph at lines 6944--6945

 []

[191]
Underfull \hbox (badness 10000) in paragraph at lines 6958--6959

 []


Underfull \hbox (badness 10000) in paragraph at lines 6962--6963

 []

[192]
Underfull \hbox (badness 10000) in paragraph at lines 7011--7012

 []


Underfull \hbox (badness 10000) in paragraph at lines 7015--7016

 []


Underfull \hbox (badness 10000) in paragraph at lines 7019--7020

 []


Underfull \hbox (badness 10000) in paragraph at lines 7023--7024

 []


Underfull \hbox (badness 10000) in paragraph at lines 7027--7028

 []


Underfull \hbox (badness 10000) in paragraph at lines 7031--7032

 []


Underfull \hbox (badness 10000) in paragraph at lines 7035--7036

 []

[193]
Underfull \hbox (badness 10000) in paragraph at lines 7056--7057

 []


Underfull \hbox (badness 10000) in paragraph at lines 7060--7067

 []


Underfull \hbox (badness 10000) in paragraph at lines 7070--7082

 []

[194]
Underfull \hbox (badness 10000) in paragraph at lines 7093--7098

 []


Underfull \hbox (badness 10000) in paragraph at lines 7093--7098

 []

[195]
Underfull \hbox (badness 10000) in paragraph at lines 7109--7110

 []


Underfull \hbox (badness 10000) in paragraph at lines 7124--7125

 []

[196]

LaTeX Warning: Hyper reference `gausslucas' on page 197 undefined on input line
 7149.


Underfull \hbox (badness 10000) in paragraph at lines 7166--7176

 []


Underfull \hbox (badness 10000) in paragraph at lines 7166--7176

 []


Underfull \hbox (badness 10000) in paragraph at lines 7166--7176

 []

[197]
Underfull \hbox (badness 10000) in paragraph at lines 7176--7188

 []


Underfull \hbox (badness 10000) in paragraph at lines 7176--7188

 []


LaTeX Warning: Hyper reference `polycommutecos' on page 198 undefined on input 
line 7200.

[198]
Underfull \hbox (badness 10000) in paragraph at lines 7241--7247

 []


Underfull \hbox (badness 10000) in paragraph at lines 7241--7247

 []


Underfull \hbox (badness 10000) in paragraph at lines 7241--7247

 []

[199]
Underfull \hbox (badness 10000) in paragraph at lines 7263--7264

 []


Underfull \hbox (badness 10000) in paragraph at lines 7287--7291

 []


Underfull \hbox (badness 10000) in paragraph at lines 7292--7300

 []

[200]
Underfull \hbox (badness 10000) in paragraph at lines 7312--7313

 []


Underfull \hbox (badness 10000) in paragraph at lines 7316--7317

 []


Underfull \hbox (badness 10000) in paragraph at lines 7330--7332

 []


Underfull \hbox (badness 10000) in paragraph at lines 7332--7336

 []


Underfull \hbox (badness 10000) in paragraph at lines 7336--7348

 []

[201]
Underfull \hbox (badness 10000) in paragraph at lines 7361--7363

 []

[202]
Underfull \hbox (badness 10000) in paragraph at lines 7390--7391

 []


LaTeX Warning: Reference `PolynÃ´me rÃ©ciproque' on page 203 undefined on input
 line 7400.


Underfull \hbox (badness 10000) in paragraph at lines 7405--7406

 []


Underfull \hbox (badness 10000) in paragraph at lines 7412--7413

 []


Underfull \hbox (badness 10000) in paragraph at lines 7416--7417

 []


Underfull \hbox (badness 10000) in paragraph at lines 7420--7421

 []

[203]
Underfull \hbox (badness 10000) in paragraph at lines 7424--7425

 []


Underfull \hbox (badness 10000) in paragraph at lines 7443--7444

 []

[204]
Underfull \hbox (badness 10000) in paragraph at lines 7455--7456

 []


Underfull \hbox (badness 10000) in paragraph at lines 7465--7466

 []


Underfull \hbox (badness 10000) in paragraph at lines 7471--7473

 []


Underfull \hbox (badness 10000) in paragraph at lines 7478--7479

 []


Underfull \hbox (badness 10000) in paragraph at lines 7485--7487

 []

[205]

LaTeX Warning: Hyper reference `polyrecip' on page 206 undefined on input line 
7493.


Underfull \hbox (badness 10000) in paragraph at lines 7493--7494

 []

[206]
Underfull \hbox (badness 10000) in paragraph at lines 7519--7521

 []


Underfull \hbox (badness 10000) in paragraph at lines 7523--7530

 []

[207]
Underfull \hbox (badness 10000) in paragraph at lines 7557--7560

 []


Underfull \hbox (badness 10000) in paragraph at lines 7572--7574

 []

[208]
Underfull \hbox (badness 10000) in paragraph at lines 7578--7584

 []


Underfull \hbox (badness 10000) in paragraph at lines 7604--7606

 []

[209]
Underfull \hbox (badness 10000) in paragraph at lines 7624--7634

 []


Underfull \hbox (badness 10000) in paragraph at lines 7624--7634

 []


Underfull \hbox (badness 10000) in paragraph at lines 7624--7634

 []


Underfull \hbox (badness 10000) in paragraph at lines 7624--7634

 []

[210]
Underfull \hbox (badness 10000) in paragraph at lines 7639--7655

 []


Underfull \hbox (badness 10000) in paragraph at lines 7639--7655

 []


Underfull \hbox (badness 10000) in paragraph at lines 7695--7698

 []

[211]
Underfull \hbox (badness 10000) in paragraph at lines 7701--7702

 []


Underfull \hbox (badness 10000) in paragraph at lines 7711--7713

 []


Underfull \hbox (badness 10000) in paragraph at lines 7713--7714

 []


Underfull \hbox (badness 10000) in paragraph at lines 7721--7722

 []


Underfull \hbox (badness 10000) in paragraph at lines 7727--7729

 []


Underfull \hbox (badness 10000) in paragraph at lines 7732--7734

 []

[212]
Underfull \hbox (badness 10000) in paragraph at lines 7740--7741

 []


Underfull \hbox (badness 10000) in paragraph at lines 7748--7749

 []


Underfull \hbox (badness 10000) in paragraph at lines 7777--7778

 []

[213]
Underfull \hbox (badness 10000) in paragraph at lines 7779--7785

 []


Underfull \hbox (badness 10000) in paragraph at lines 7789--7790

 []


Underfull \hbox (badness 10000) in paragraph at lines 7802--7804

 []

[214]
Underfull \hbox (badness 10000) in paragraph at lines 7854--7855

 []

[215]
Underfull \hbox (badness 10000) in paragraph at lines 7864--7865

 []


Underfull \hbox (badness 10000) in paragraph at lines 7897--7898

 []

[216]
Underfull \hbox (badness 10000) in paragraph at lines 7900--7902

 []


Underfull \hbox (badness 10000) in paragraph at lines 7908--7909

 []


Underfull \hbox (badness 10000) in paragraph at lines 7909--7911

 []

[217]
Underfull \hbox (badness 10000) in paragraph at lines 7947--7948

 []


Underfull \hbox (badness 10000) in paragraph at lines 7949--7951

 []


Underfull \hbox (badness 10000) in paragraph at lines 7968--7969

 []

[218]
Underfull \hbox (badness 10000) in paragraph at lines 7978--7979

 []


Underfull \hbox (badness 10000) in paragraph at lines 8015--8016

 []

[219]
Underfull \hbox (badness 10000) in paragraph at lines 8017--8019

 []


Underfull \hbox (badness 10000) in paragraph at lines 8020--8021

 []


Underfull \hbox (badness 10000) in paragraph at lines 8032--8033

 []


Underfull \hbox (badness 10000) in paragraph at lines 8054--8055

 []

[220]
Underfull \hbox (badness 10000) in paragraph at lines 8068--8069

 []


Underfull \hbox (badness 10000) in paragraph at lines 8086--8087

 []

[221]
Underfull \hbox (badness 10000) in paragraph at lines 8096--8101

 []

[222]
Underfull \hbox (badness 10000) in paragraph at lines 8141--8142

 []

[223]
Underfull \hbox (badness 10000) in paragraph at lines 8204--8206

 []

[224]
Underfull \hbox (badness 10000) in paragraph at lines 8225--8227

 []

[225]
Underfull \hbox (badness 10000) in paragraph at lines 8248--8249

 []


Underfull \hbox (badness 10000) in paragraph at lines 8262--8264

 []

[226]
Underfull \hbox (badness 10000) in paragraph at lines 8287--8289

 []


Underfull \hbox (badness 10000) in paragraph at lines 8305--8306

 []


Underfull \hbox (badness 10000) in paragraph at lines 8307--8309

 []


Underfull \hbox (badness 10000) in paragraph at lines 8310--8311

 []

[227]
Underfull \hbox (badness 10000) in paragraph at lines 8316--8317

 []


Underfull \hbox (badness 10000) in paragraph at lines 8333--8334

 []


Underfull \hbox (badness 10000) in paragraph at lines 8336--8339

 []

[228]

LaTeX Warning: Command \o invalid in math mode on input line 8368.

Missing character: There is no ø in font cmr10!

Underfull \hbox (badness 10000) in paragraph at lines 8375--8376

 []


Underfull \hbox (badness 10000) in paragraph at lines 8378--8379

 []


Underfull \hbox (badness 10000) in paragraph at lines 8380--8381

 []

[229]
Underfull \hbox (badness 10000) in paragraph at lines 8382--8383

 []


Underfull \hbox (badness 10000) in paragraph at lines 8386--8387

 []


Underfull \hbox (badness 10000) in paragraph at lines 8388--8392

 []

[230]
Underfull \hbox (badness 10000) in paragraph at lines 8426--8427

 []


Underfull \hbox (badness 10000) in paragraph at lines 8428--8429

 []

[231]
Underfull \hbox (badness 10000) in paragraph at lines 8440--8441

 []


Underfull \hbox (badness 10000) in paragraph at lines 8442--8443

 []


Underfull \hbox (badness 10000) in paragraph at lines 8450--8452

 []


Underfull \hbox (badness 10000) in paragraph at lines 8461--8462

 []


Underfull \hbox (badness 10000) in paragraph at lines 8463--8464

 []


Underfull \hbox (badness 10000) in paragraph at lines 8465--8466

 []


Underfull \hbox (badness 10000) in paragraph at lines 8469--8470

 []


Underfull \hbox (badness 10000) in paragraph at lines 8472--8473

 []

[232]
Underfull \hbox (badness 10000) in paragraph at lines 8475--8476

 []


Underfull \hbox (badness 10000) in paragraph at lines 8478--8479

 []


Underfull \hbox (badness 10000) in paragraph at lines 8481--8482

 []


LaTeX Warning: Command \` invalid in math mode on input line 8486.

Missing character: There is no è in font cmr7!

LaTeX Warning: Reference `Lemme des compacts emboÃ®tÃ©s' on page 233 undefined 
on input line 8497.


Underfull \hbox (badness 10000) in paragraph at lines 8483--8500

 []

[233]
Underfull \hbox (badness 10000) in paragraph at lines 8519--8520

 []


Underfull \hbox (badness 10000) in paragraph at lines 8534--8535

 []


Underfull \hbox (badness 10000) in paragraph at lines 8537--8538

 []

[234]
Underfull \hbox (badness 10000) in paragraph at lines 8586--8587

 []

[235]
Underfull \hbox (badness 10000) in paragraph at lines 8590--8594

 []


Underfull \hbox (badness 10000) in paragraph at lines 8612--8613

 []

[236]
Underfull \hbox (badness 10000) in paragraph at lines 8641--8646

 []


Underfull \hbox (badness 10000) in paragraph at lines 8649--8652

 []

[237]
Underfull \hbox (badness 10000) in paragraph at lines 8656--8662

 []


Underfull \hbox (badness 10000) in paragraph at lines 8666--8667

 []


Underfull \hbox (badness 10000) in paragraph at lines 8688--8690

 []

[238]
Underfull \hbox (badness 10000) in paragraph at lines 8725--8727

 []

[239]
Underfull \hbox (badness 10000) in paragraph at lines 8729--8730

 []


Overfull \hbox (16.55428pt too wide) detected at line 8737
\OT1/cmr/m/n/10 (1 \OMS/cmsy/m/n/10 ^^@ \OML/cmm/m/it/10 x\OT1/cmr/m/n/10 )\OML
/cmm/m/it/10 f[]\OT1/cmr/m/n/10 (\OML/cmm/m/it/10 x\OT1/cmr/m/n/10 ) = (\OML/cm
m/m/it/10 p \OT1/cmr/m/n/10 + 1) [] []\OML/cmm/m/it/10 x[] \OMS/cmsy/m/n/10 ^^@
 \OT1/cmr/m/n/10 (\OML/cmm/m/it/10 p \OT1/cmr/m/n/10 + 1) [] []\OML/cmm/m/it/10
 x[] \OT1/cmr/m/n/10 = (\OML/cmm/m/it/10 p \OT1/cmr/m/n/10 + 1) + (\OML/cmm/m/i
t/10 p \OT1/cmr/m/n/10 + 1) [] [] \OML/cmm/m/it/10 x[]
 []

[240]
Underfull \hbox (badness 10000) in paragraph at lines 8762--8765

 []


Underfull \hbox (badness 10000) in paragraph at lines 8773--8774

 []


Underfull \hbox (badness 10000) in paragraph at lines 8775--8777

 []

[241]
Underfull \hbox (badness 10000) in paragraph at lines 8796--8797

 []


Underfull \hbox (badness 10000) in paragraph at lines 8800--8801

 []


Underfull \hbox (badness 10000) in paragraph at lines 8804--8805

 []


Underfull \hbox (badness 10000) in paragraph at lines 8808--8809

 []


Underfull \hbox (badness 10000) in paragraph at lines 8812--8813

 []


Underfull \hbox (badness 10000) in paragraph at lines 8820--8821

 []


Underfull \hbox (badness 10000) in paragraph at lines 8824--8825

 []


Underfull \hbox (badness 10000) in paragraph at lines 8828--8829

 []

[242]
Underfull \hbox (badness 10000) in paragraph at lines 8832--8833

 []


Underfull \hbox (badness 10000) in paragraph at lines 8836--8837

 []


Underfull \hbox (badness 10000) in paragraph at lines 8840--8841

 []


Underfull \hbox (badness 10000) in paragraph at lines 8844--8845

 []


Underfull \hbox (badness 10000) in paragraph at lines 8852--8853

 []


Underfull \hbox (badness 10000) in paragraph at lines 8856--8857

 []


Underfull \hbox (badness 10000) in paragraph at lines 8860--8861

 []


Underfull \hbox (badness 10000) in paragraph at lines 8864--8865

 []

[243] [244]
Underfull \hbox (badness 10000) in paragraph at lines 8922--8923

 []

[245]
Underfull \hbox (badness 10000) in paragraph at lines 8954--8956

 []

[246]
Overfull \hbox (1.78352pt too wide) in paragraph at lines 8982--8987
\T1/cmr/m/n/10 Tout d'abord c'est bien une par-tie de $\OML/cmm/m/it/10 `[]$ \T
1/cmr/m/n/10 puis-qu'une suite conver-gente est bor-née. En-suite, don-nons nou
s $\OT1/cmr/m/n/10 ((\OML/cmm/m/it/10 u[]\OT1/cmr/m/n/10 )[])[] \OMS/cmsy/m/n/1
0 2
 []

[247]
Underfull \hbox (badness 10000) in paragraph at lines 9003--9015

 []

[248]
Underfull \hbox (badness 10000) in paragraph at lines 9034--9035

 []


Underfull \hbox (badness 10000) in paragraph at lines 9051--9052

 []


Underfull \hbox (badness 10000) in paragraph at lines 9064--9065

 []


LaTeX Warning: Reference `R est complet' on page 249 undefined on input line 90
80.


Underfull \hbox (badness 10000) in paragraph at lines 9070--9081

 []


Underfull \hbox (badness 10000) in paragraph at lines 9070--9081

 []

[249]
Underfull \hbox (badness 10000) in paragraph at lines 9090--9091

 []


Underfull \hbox (badness 10000) in paragraph at lines 9112--9113

 []

[250]
Underfull \hbox (badness 10000) in paragraph at lines 9131--9132

 []


Underfull \hbox (badness 10000) in paragraph at lines 9141--9163

 []


Underfull \hbox (badness 10000) in paragraph at lines 9141--9163

 []

[251]
Underfull \hbox (badness 10000) in paragraph at lines 9167--9168

 []


Underfull \hbox (badness 10000) in paragraph at lines 9169--9171

 []


Underfull \hbox (badness 10000) in paragraph at lines 9171--9175

 []

[252]
Underfull \hbox (badness 10000) in paragraph at lines 9229--9230

 []

[253]
Underfull \hbox (badness 10000) in paragraph at lines 9251--9252

 []

[254]
Underfull \hbox (badness 10000) in paragraph at lines 9269--9270

 []


Underfull \hbox (badness 10000) in paragraph at lines 9284--9303

 []


Underfull \hbox (badness 10000) in paragraph at lines 9284--9303

 []


Underfull \hbox (badness 10000) in paragraph at lines 9284--9303

 []

[255]
Underfull \hbox (badness 10000) in paragraph at lines 9306--9315

 []


Overfull \hbox (2.33768pt too wide) in paragraph at lines 9315--9317
\U/msb/m/n/10 N[]\OML/cmm/m/it/10 ;  [][] \OMS/cmsy/m/n/10 ^^T [][] \OT1/cmr/m/
n/10 + [][] [] 0$\T1/cmr/m/n/10 . Au-tre-ment dit $[]\OML/cmm/m/it/10 y[] \OT1/
cmr/m/n/10 = \OML/cmm/m/it/10 x$\T1/cmr/m/n/10 . Pour-tant $\OT1/cmr/m/n/10 (\O
ML/cmm/m/it/10 f\OT1/cmr/m/n/10 (\OML/cmm/m/it/10 y[]\OT1/cmr/m/n/10 ))[]$
 []


Underfull \hbox (badness 10000) in paragraph at lines 9321--9329

 []


Underfull \hbox (badness 10000) in paragraph at lines 9332--9333

 []

[256]
Underfull \hbox (badness 10000) in paragraph at lines 9344--9356

 []


Underfull \hbox (badness 10000) in paragraph at lines 9344--9356

 []


Underfull \hbox (badness 10000) in paragraph at lines 9363--9365

 []


Underfull \hbox (badness 10000) in paragraph at lines 9375--9376

 []

[257]
Underfull \hbox (badness 10000) in paragraph at lines 9378--9398

 []


Underfull \vbox (badness 2460) has occurred while \output is active []

 [258]
Underfull \hbox (badness 10000) in paragraph at lines 9458--9459

 []


Underfull \hbox (badness 10000) in paragraph at lines 9462--9463

 []


Underfull \hbox (badness 10000) in paragraph at lines 9466--9467

 []

[259]
Underfull \hbox (badness 10000) in paragraph at lines 9470--9471

 []


Underfull \hbox (badness 10000) in paragraph at lines 9474--9475

 []


Underfull \hbox (badness 10000) in paragraph at lines 9478--9479

 []


Underfull \hbox (badness 10000) in paragraph at lines 9482--9483

 []


Underfull \hbox (badness 10000) in paragraph at lines 9496--9497

 []

[260]
Underfull \hbox (badness 10000) in paragraph at lines 9532--9541

 []


Underfull \hbox (badness 10000) in paragraph at lines 9541--9545

 []


Underfull \hbox (badness 10000) in paragraph at lines 9548--9549

 []

[261]
Underfull \hbox (badness 10000) in paragraph at lines 9551--9552

 []


Underfull \hbox (badness 10000) in paragraph at lines 9555--9556

 []


Underfull \hbox (badness 10000) in paragraph at lines 9563--9564

 []


Underfull \hbox (badness 10000) in paragraph at lines 9567--9568

 []


Underfull \hbox (badness 10000) in paragraph at lines 9571--9582

 []

[262]
Underfull \hbox (badness 10000) in paragraph at lines 9605--9617

 []


Underfull \hbox (badness 10000) in paragraph at lines 9605--9617

 []


Underfull \hbox (badness 10000) in paragraph at lines 9639--9646

 []


Underfull \hbox (badness 10000) in paragraph at lines 9639--9646

 []

[263]
Underfull \hbox (badness 10000) in paragraph at lines 9652--9653

 []

[264]
Overfull \hbox (45.27078pt too wide) in paragraph at lines 9665--9673
\T1/cmr/m/n/10 On peut déjà re-mar-quer que si $\OML/cmm/m/it/10 a; a[] \OMS/cm
sy/m/n/10 2 \OML/cmm/m/it/10 A$ \T1/cmr/m/n/10 alors par convexité l'arc de cer
cle formé par $[]$ et $[]$ est $\OMS/cmsy/m/n/10 f\OML/cmm/m/it/10 e[];  t \OMS
/cmsy/m/n/10 2
 []

[265]
Underfull \hbox (badness 10000) in paragraph at lines 9715--9722

 []

[266]
Underfull \hbox (badness 10000) in paragraph at lines 9758--9759

 []


Underfull \hbox (badness 10000) in paragraph at lines 9762--9763

 []

[267]
Overfull \hbox (0.41145pt too wide) in paragraph at lines 9767--9769
\T1/cmr/m/n/10 Ensuite, pour tout $\OML/cmm/m/it/10 i \OMS/cmsy/m/n/10 6\OT1/cm
r/m/n/10 = \OML/cmm/m/it/10 j \OMS/cmsy/m/n/10 2 \U/stmry/m/n/10 J\OML/cmm/m/it
/10 d \OT1/cmr/m/n/10 + 1; \OML/cmm/m/it/10 n\U/stmry/m/n/10 K$\T1/cmr/m/n/10 ,
 $\OT1/cmr/m/n/10 [\OML/cmm/m/it/10 e[]; e[]\OT1/cmr/m/n/10 ] \OMS/cmsy/m/n/10 
^^Z []\OT1/cmr/m/n/10 (\OML/cmm/m/it/10 e[]; [] ; e[]\OT1/cmr/m/n/10 )\OMS/cmsy
/m/n/10 nf\OT1/cmr/m/n/10 0\OMS/cmsy/m/n/10 g ^^Z \OML/cmm/m/it/10 E\OMS/cmsy/m
/n/10 n\OML/cmm/m/it/10 F$ \T1/cmr/m/n/10 et $\OT1/cmr/m/n/10 [\OMS/cmsy/m/n/10
 ^^@\OML/cmm/m/it/10 e[]; e[]\OT1/cmr/m/n/10 ] \OMS/cmsy/m/n/10 ^^Z []\OT1/cmr/
m/n/10 (\OML/cmm/m/it/10 e[]; [] ; e[]\OT1/cmr/m/n/10 )\OMS/cmsy/m/n/10 nf\OT1/
cmr/m/n/10 0\OMS/cmsy/m/n/10 g ^^Z
 []


Underfull \hbox (badness 10000) in paragraph at lines 9774--9775

 []


Underfull \hbox (badness 10000) in paragraph at lines 9778--9781

 []

[268]

LaTeX Warning: Reference `ConnexitÃ© de l'espace' on page 269 undefined on inpu
t line 9818.


Underfull \hbox (badness 10000) in paragraph at lines 9825--9826

 []

[269]
Underfull \hbox (badness 10000) in paragraph at lines 9866--9867

 []


Underfull \hbox (badness 10000) in paragraph at lines 9870--9871

 []


Underfull \hbox (badness 10000) in paragraph at lines 9873--9874

 []


Underfull \hbox (badness 10000) in paragraph at lines 9876--9877

 []


Underfull \hbox (badness 10000) in paragraph at lines 9879--9881

 []


LaTeX Warning: Reference `rg1' on page 270 undefined on input line 9883.

[270]
Underfull \hbox (badness 10000) in paragraph at lines 9894--9896

 []


Underfull \hbox (badness 10000) in paragraph at lines 9910--9913

 []


Underfull \hbox (badness 10000) in paragraph at lines 9924--9925

 []


Underfull \hbox (badness 10000) in paragraph at lines 9928--9929

 []

[271]
Underfull \hbox (badness 10000) in paragraph at lines 9953--9954

 []

[272]
Underfull \hbox (badness 10000) in paragraph at lines 9964--9973

 []


Underfull \hbox (badness 10000) in paragraph at lines 9976--9977

 []


Underfull \hbox (badness 10000) in paragraph at lines 9986--9996

 []


Underfull \hbox (badness 10000) in paragraph at lines 9999--10005

 []

[273]
Underfull \hbox (badness 10000) in paragraph at lines 10024--10056

 []


Overfull \hbox (37.54675pt too wide) in paragraph at lines 10024--10056
\T1/cmr/m/n/10 D'autre part, $[][]\OML/cmm/m/it/10 QMQ[] \OT1/cmr/m/n/10 = [] [
] = []$
 []


Underfull \hbox (badness 10000) in paragraph at lines 10056--10063

 []

[274]
Underfull \hbox (badness 10000) in paragraph at lines 10079--10080

 []


Overfull \hbox (14.07722pt too wide) in paragraph at lines 10081--10085
\T1/cmr/m/n/10 On note $\OML/cmm/m/it/10 A$ \T1/cmr/m/n/10 l'en-semble des po-l
y-nôme uni-taire de de-gré $\OML/cmm/m/it/10 n$ \T1/cmr/m/n/10 scindé à ra-cine
s simples sur $\U/msb/m/n/10 R\OT1/cmr/m/n/10 [\OML/cmm/m/it/10 X\OT1/cmr/m/n/1
0 ]$ \T1/cmr/m/n/10 et $\OT1/cmr/m/n/10 ^^H : []$\T1/cmr/m/n/10 .
 []


Underfull \hbox (badness 10000) in paragraph at lines 10085--10113

 []


Underfull \hbox (badness 10000) in paragraph at lines 10085--10113

 []

[275]
Underfull \hbox (badness 10000) in paragraph at lines 10113--10136

 []


Underfull \hbox (badness 10000) in paragraph at lines 10113--10136

 []


Underfull \hbox (badness 10000) in paragraph at lines 10140--10141

 []


Underfull \hbox (badness 10000) in paragraph at lines 10157--10167

 []

[276]
Underfull \hbox (badness 10000) in paragraph at lines 10172--10174

 []


Underfull \hbox (badness 10000) in paragraph at lines 10193--10194

 []


Underfull \hbox (badness 10000) in paragraph at lines 10197--10198

 []


Underfull \hbox (badness 10000) in paragraph at lines 10201--10202

 []


Underfull \hbox (badness 10000) in paragraph at lines 10205--10206

 []

[277]
Underfull \hbox (badness 10000) in paragraph at lines 10209--10210

 []


Underfull \hbox (badness 10000) in paragraph at lines 10213--10214

 []


Underfull \hbox (badness 10000) in paragraph at lines 10217--10218

 []


Underfull \hbox (badness 10000) in paragraph at lines 10221--10222

 []


Underfull \hbox (badness 10000) in paragraph at lines 10239--10240

 []

[278]

LaTeX Warning: Reference `ThÃ©orÃ¨me de Hall' on page 279 undefined on input li
ne 10249.


Overfull \hbox (2.16962pt too wide) in paragraph at lines 10258--10263
[]\T1/cmr/m/n/10 Par hy-po-thèse de ré-cur-rence, $\OML/cmm/m/it/10 B[] \OMS/cm
sy/m/n/10 2 []\OT1/cmr/m/n/10 (\U/eus/m/n/10 P[]\OT1/cmr/m/n/10 )$\T1/cmr/m/n/1
0 . Donc $\OMS/cmsy/m/n/10 9\OT1/cmr/m/n/10 (\OML/cmm/m/it/10 ^^U[]; [] ; ^^U[]
\OT1/cmr/m/n/10 ) \OMS/cmsy/m/n/10 2 \OT1/cmr/m/n/10 (\U/msb/m/n/10 R[]\OT1/cmr
/m/n/10 )[]\OML/cmm/m/it/10 ;  \OMS/cmsy/m/n/10 9\OT1/cmr/m/n/10 (\OML/cmm/m/it
/10 P[]; [] ; P[]\OT1/cmr/m/n/10 ) \OMS/cmsy/m/n/10 2 \U/eus/m/n/10 P[]\OML/cmm
/m/it/10 ;  []$\T1/cmr/m/n/10 . 
 []


Underfull \hbox (badness 10000) in paragraph at lines 10258--10263

 []

[279]
Underfull \hbox (badness 10000) in paragraph at lines 10276--10277

 []


Underfull \hbox (badness 10000) in paragraph at lines 10280--10282

 []


Underfull \hbox (badness 10000) in paragraph at lines 10312--10313

 []


Overfull \hbox (65.16695pt too wide) in paragraph at lines 10314--10328
\T1/cmr/m/n/10 Notons $\OML/cmm/m/it/10 C[]\OT1/cmr/m/n/10 (\OML/cmm/m/it/10 s\
OT1/cmr/m/n/10 )\OML/cmm/m/it/10 ; [] ; C[]\OT1/cmr/m/n/10 (\OML/cmm/m/it/10 s\
OT1/cmr/m/n/10 )$ \T1/cmr/m/n/10 les co-lonnes de $\OML/cmm/m/it/10 '\OT1/cmr/m
/n/10 (\OML/cmm/m/it/10 s\OT1/cmr/m/n/10 )\OML/cmm/m/it/10 ;  f \OT1/cmr/m/n/10
 : []$ \T1/cmr/m/n/10 et $\OML/cmm/m/it/10 g \OT1/cmr/m/n/10 : []$\T1/cmr/m/n/1
0 . 
 []

[280]
Underfull \hbox (badness 10000) in paragraph at lines 10339--10340

 []


Overfull \hbox (41.41391pt too wide) in paragraph at lines 10351--10355
[] \OMS/cmsy/m/n/10 ^^T [] [][] [] [][] \OT1/cmr/m/n/10 = [] [] [] [][] = [] \O
ML/cmm/m/it/10 k [] [][]$\T1/cmr/m/n/10 . 
 []

[281]
Underfull \hbox (badness 10000) in paragraph at lines 10385--10386

 []


Underfull \hbox (badness 10000) in paragraph at lines 10389--10390

 []


Underfull \hbox (badness 10000) in paragraph at lines 10393--10394

 []

[282]
Underfull \hbox (badness 10000) in paragraph at lines 10397--10398

 []


Underfull \hbox (badness 10000) in paragraph at lines 10401--10402

 []


Underfull \hbox (badness 10000) in paragraph at lines 10405--10406

 []


Underfull \hbox (badness 10000) in paragraph at lines 10409--10410

 []


Underfull \hbox (badness 10000) in paragraph at lines 10414--10415

 []


Underfull \hbox (badness 10000) in paragraph at lines 10418--10419

 []


Underfull \hbox (badness 10000) in paragraph at lines 10431--10432

 []


Underfull \hbox (badness 10000) in paragraph at lines 10435--10436

 []


Underfull \hbox (badness 10000) in paragraph at lines 10439--10440

 []

[283]
Underfull \hbox (badness 10000) in paragraph at lines 10443--10444

 []


Underfull \hbox (badness 10000) in paragraph at lines 10447--10449

 []


Underfull \hbox (badness 10000) in paragraph at lines 10449--10456

 []


Underfull \hbox (badness 10000) in paragraph at lines 10465--10466

 []


Underfull \hbox (badness 10000) in paragraph at lines 10468--10469

 []


Underfull \hbox (badness 10000) in paragraph at lines 10471--10472

 []


Underfull \hbox (badness 10000) in paragraph at lines 10474--10475

 []

[284]
Underfull \hbox (badness 10000) in paragraph at lines 10476--10477

 []


Underfull \hbox (badness 10000) in paragraph at lines 10478--10479

 []


Underfull \hbox (badness 10000) in paragraph at lines 10481--10482

 []


Underfull \hbox (badness 10000) in paragraph at lines 10484--10485

 []


Underfull \hbox (badness 10000) in paragraph at lines 10487--10488

 []


Underfull \hbox (badness 10000) in paragraph at lines 10490--10491

 []


Underfull \hbox (badness 10000) in paragraph at lines 10493--10494

 []


Underfull \hbox (badness 10000) in paragraph at lines 10499--10500

 []


Underfull \hbox (badness 10000) in paragraph at lines 10502--10503

 []


Underfull \hbox (badness 10000) in paragraph at lines 10505--10506

 []


Underfull \hbox (badness 10000) in paragraph at lines 10508--10509

 []

[285]
Underfull \hbox (badness 10000) in paragraph at lines 10511--10512

 []


Underfull \hbox (badness 10000) in paragraph at lines 10514--10529

 []


Underfull \hbox (badness 10000) in paragraph at lines 10531--10532

 []


Underfull \hbox (badness 10000) in paragraph at lines 10547--10549

 []

[286] [287]
Underfull \hbox (badness 10000) in paragraph at lines 10564--10566

 []


Underfull \hbox (badness 10000) in paragraph at lines 10567--10568

 []


Underfull \hbox (badness 10000) in paragraph at lines 10569--10570

 []


Underfull \hbox (badness 10000) in paragraph at lines 10571--10572

 []


Underfull \hbox (badness 10000) in paragraph at lines 10578--10579

 []


Underfull \hbox (badness 10000) in paragraph at lines 10582--10584

 []


Underfull \hbox (badness 10000) in paragraph at lines 10605--10606

 []

[288]
Underfull \hbox (badness 10000) in paragraph at lines 10609--10611

 []

[289]
Underfull \hbox (badness 10000) in paragraph at lines 10664--10665

 []


Underfull \hbox (badness 10000) in paragraph at lines 10666--10667

 []


Underfull \hbox (badness 10000) in paragraph at lines 10669--10670

 []


Underfull \hbox (badness 10000) in paragraph at lines 10672--10673

 []


Underfull \hbox (badness 10000) in paragraph at lines 10675--10676

 []


Underfull \hbox (badness 10000) in paragraph at lines 10678--10679

 []


Underfull \hbox (badness 10000) in paragraph at lines 10680--10681

 []


Underfull \hbox (badness 10000) in paragraph at lines 10682--10683

 []


Underfull \hbox (badness 10000) in paragraph at lines 10684--10696

 []

[290]
Underfull \hbox (badness 10000) in paragraph at lines 10700--10701

 []


Underfull \hbox (badness 10000) in paragraph at lines 10703--10704

 []


Underfull \hbox (badness 10000) in paragraph at lines 10706--10707

 []


Underfull \hbox (badness 10000) in paragraph at lines 10709--10710

 []


Underfull \hbox (badness 10000) in paragraph at lines 10712--10713

 []


Underfull \hbox (badness 10000) in paragraph at lines 10715--10716

 []


Underfull \hbox (badness 10000) in paragraph at lines 10717--10718

 []


Underfull \hbox (badness 10000) in paragraph at lines 10719--10720

 []


Underfull \hbox (badness 10000) in paragraph at lines 10722--10723

 []


Underfull \hbox (badness 10000) in paragraph at lines 10724--10725

 []

[291]
Underfull \hbox (badness 10000) in paragraph at lines 10728--10729

 []


Underfull \hbox (badness 10000) in paragraph at lines 10731--10732

 []


Underfull \hbox (badness 10000) in paragraph at lines 10735--10736

 []


Underfull \hbox (badness 10000) in paragraph at lines 10739--10740

 []


LaTeX Warning: Hyper reference `Equation de la chaleur' on page 292 undefined o
n input line 10743.


Underfull \hbox (badness 10000) in paragraph at lines 10743--10744

 []

[292]
Underfull \hbox (badness 10000) in paragraph at lines 10750--10751

 []


Underfull \hbox (badness 10000) in paragraph at lines 10754--10755

 []


Underfull \hbox (badness 10000) in paragraph at lines 10758--10759

 []


Underfull \hbox (badness 10000) in paragraph at lines 10762--10763

 []


Underfull \hbox (badness 10000) in paragraph at lines 10766--10767

 []

[293] [294]
Underfull \hbox (badness 10000) in paragraph at lines 10826--10841

 []

[295]
Underfull \hbox (badness 10000) in paragraph at lines 10849--10850

 []

[296] 
enddocument/afterlastpage (AED): lastpage setting LastPage.
(Analyse.aux)
 ***********
LaTeX2e <2025-11-01>
L3 programming layer <2025-11-06>
 ***********


LaTeX Warning: There were undefined references.

Package rerunfilecheck Info: File `Analyse.out' has not changed.
(rerunfilecheck)             Checksum: 7CA8D5064BBA75CBD07ABB2A103C399D;97149.
 ) 
Here is how much of TeX's memory you used:
 33531 strings out of 467871
 619601 string characters out of 5418376
 1177917 words of memory out of 5000000
 59292 multiletter control sequences out of 15000+600000
 656052 words of font info for 124 fonts, out of 8000000 for 9000
 1141 hyphenation exceptions out of 8191
 89i,14n,107p,1228b,1117s stack positions out of 10000i,1000n,20000p,200000b,200000s
 <C:\Users\estev\AppData\Local\MiKTeX\fonts/pk/ljfour/public/bbm/dpi600\bbm10
.pk> <C:\Users\estev\AppData\Local\MiKTeX\fonts/pk/ljfour/jknappen/ec/dpi600\ec
rm0700.pk> <C:\Users\estev\AppData\Local\MiKTeX\fonts/pk/ljfour/jknappen/ec/dpi
600\ecti1000.pk> <C:\Users\estev\AppData\Local\MiKTeX\fonts/pk/ljfour/jknappen/
ec/dpi600\ecbx1440.pk> <C:\Users\estev\AppData\Local\MiKTeX\fonts/pk/ljfour/jkn
appen/ec/dpi600\ecbx1000.pk> <C:\Users\estev\AppData\Local\MiKTeX\fonts/pk/ljfo
ur/jknappen/ec/dpi600\ecsx1440.pk> <C:\Users\estev\AppData\Local\MiKTeX\fonts/p
k/ljfour/jknappen/ec/dpi600\tcrm1000.pk> <C:\Users\estev\AppData\Local\MiKTeX\f
onts/pk/ljfour/jknappen/ec/dpi600\ecrm1440.pk> <C:\Users\estev\AppData\Local\Mi
KTeX\fonts/pk/ljfour/jknappen/ec/dpi600\ecrm1200.pk> <C:\Users\estev\AppData\Lo
cal\MiKTeX\fonts/pk/ljfour/jknappen/ec/dpi600\ecbx1200.pk> <C:\Users\estev\AppD
ata\Local\MiKTeX\fonts/pk/ljfour/jknappen/ec/dpi600\ecrm1000.pk> <C:\Users\este
v\AppData\Local\MiKTeX\fonts/pk/ljfour/jknappen/ec/dpi600\ecti1440.pk> <C:\User
s\estev\AppData\Local\MiKTeX\fonts/pk/ljfour/jknappen/ec/dpi600\ecbx2074.pk><C:
/Users/estev/AppData/Local/Programs/MiKTeX/fonts/type1/public/amsfonts/cm/cmex1
0.pfb><C:/Users/estev/AppData/Local/Programs/MiKTeX/fonts/type1/public/amsfonts
/cmextra/cmex7.pfb><C:/Users/estev/AppData/Local/Programs/MiKTeX/fonts/type1/pu
blic/amsfonts/cm/cmmi10.pfb><C:/Users/estev/AppData/Local/Programs/MiKTeX/fonts
/type1/public/amsfonts/cm/cmmi12.pfb><C:/Users/estev/AppData/Local/Programs/MiK
TeX/fonts/type1/public/amsfonts/cm/cmmi5.pfb><C:/Users/estev/AppData/Local/Prog
rams/MiKTeX/fonts/type1/public/amsfonts/cm/cmmi7.pfb><C:/Users/estev/AppData/Lo
cal/Programs/MiKTeX/fonts/type1/public/amsfonts/cm/cmmi8.pfb><C:/Users/estev/Ap
pData/Local/Programs/MiKTeX/fonts/type1/public/amsfonts/cm/cmr10.pfb><C:/Users/
estev/AppData/Local/Programs/MiKTeX/fonts/type1/public/amsfonts/cm/cmr12.pfb><C
:/Users/estev/AppData/Local/Programs/MiKTeX/fonts/type1/public/amsfonts/cm/cmr5
.pfb><C:/Users/estev/AppData/Local/Programs/MiKTeX/fonts/type1/public/amsfonts/
cm/cmr6.pfb><C:/Users/estev/AppData/Local/Programs/MiKTeX/fonts/type1/public/am
sfonts/cm/cmr7.pfb><C:/Users/estev/AppData/Local/Programs/MiKTeX/fonts/type1/pu
blic/amsfonts/cm/cmr8.pfb><C:/Users/estev/AppData/Local/Programs/MiKTeX/fonts/t
ype1/public/amsfonts/cm/cmsy10.pfb><C:/Users/estev/AppData/Local/Programs/MiKTe
X/fonts/type1/public/amsfonts/cm/cmsy5.pfb><C:/Users/estev/AppData/Local/Progra
ms/MiKTeX/fonts/type1/public/amsfonts/cm/cmsy7.pfb><C:/Users/estev/AppData/Loca
l/Programs/MiKTeX/fonts/type1/public/amsfonts/euler/eusm10.pfb><C:/Users/estev/
AppData/Local/Programs/MiKTeX/fonts/type1/public/amsfonts/euler/eusm7.pfb><C:/U
sers/estev/AppData/Local/Programs/MiKTeX/fonts/type1/public/amsfonts/symbols/ms
bm10.pfb><C:/Users/estev/AppData/Local/Programs/MiKTeX/fonts/type1/public/amsfo
nts/symbols/msbm5.pfb><C:/Users/estev/AppData/Local/Programs/MiKTeX/fonts/type1
/public/amsfonts/symbols/msbm7.pfb><C:/Users/estev/AppData/Local/Programs/MiKTe
X/fonts/type1/public/hoekwater/stmary10.pfb><C:/Users/estev/AppData/Local/Progr
ams/MiKTeX/fonts/type1/public/hoekwater/stmary7.pfb><C:/Users/estev/AppData/Loc
al/Programs/MiKTeX/fonts/type1/urw/zapfchan/uzcmi8a.pfb><C:/Users/estev/AppData
/Local/Programs/MiKTeX/fonts/type1/public/yhmath/yhcmex.pfb>
Output written on Analyse.pdf (299 pages, 2726216 bytes).
PDF statistics:
 7443 PDF objects out of 8907 (max. 8388607)
 2574 named destinations out of 2984 (max. 500000)
 3572 words of extra memory for PDF output out of 10000 (max. 10000000)

